atlas 1024 1024 48
515 0 0
520 48 0
531 96 0
555 144 0
556 192 0
557 240 0
569 288 0
669 336 0
720 384 0
731 432 0
799 480 0
1080 528 0
1120 576 0
1146 624 0
1186 672 0
1421 720 0
1424 768 0
1425 816 0
1513 864 0
1544 912 0
1637 960 0
1638 0 48
1639 48 48
1723 96 48
1766 144 48
1767 192 48
1768 240 48
1769 288 48
1770 336 48
1776 384 48
1781 432 48
1809 480 48
1811 528 48
1812 576 48
1813 624 48
1814 672 48
1852 720 48
1853 768 48
1854 816 48
1890 864 48
1939 912 48
1951 960 48
1976 0 96
1977 48 96
1978 96 96
1999 144 96
2002 192 96
2036 240 96
2056 288 96
2057 336 96
2058 384 96
2079 432 96
2149 480 96
2187 528 96
2229 576 96
2234 624 96
2262 672 96
2271 720 96
2289 768 96
2293 816 96
2300 864 96
3559 912 96
3565 960 96
3575 0 144
3586 48 144
3622 96 144
3623 144 144
3917 192 144
3920 240 144
3925 288 144
3926 336 144
3928 384 144
3991 432 144
3992 480 144
3993 528 144
3995 576 144
4024 624 144
4025 672 144
4026 720 144
4027 768 144
4028 816 144
4029 864 144
4030 912 144
4031 960 144
4242 0 192
4261 48 192
4262 96 192
4578 144 192
4580 192 192
4584 240 192
4608 288 192
4792 336 192
4793 384 192
4794 432 192
4795 480 192
5294 528 192
5299 576 192
5302 624 192
5322 672 192
5323 720 192
5328 768 192
5336 816 192
5372 864 192
5401 912 192
5460 960 192
5479 0 240
5744 48 240
5810 96 240
5823 144 240
5839 192 240
5976 240 240
5996 288 240
6000 336 240
6099 384 240
6144 432 240
6174 480 240
6198 528 240
6199 576 240
6234 624 240
6284 672 240
6285 720 240
6368 768 240
6369 816 240
6370 864 240
6371 912 240
6372 960 240
6373 0 288
6374 48 288
6375 96 288
6442 144 288
6444 192 288
6462 240 288
6759 288 288
6994 336 288
7014 384 288
7037 432 288
7151 480 288
7152 528 288
7208 576 288
7281 624 288
7306 672 288
7337 720 288
7342 768 288
7350 816 288
7362 864 288
7365 912 288
7368 960 288
7374 0 336
7378 48 336
7379 96 336
7380 144 336
7381 192 336
7418 240 336
7424 288 336
7425 336 336
7426 384 336
7432 432 336
7433 480 336
7434 528 336
7456 576 336
7457 624 336
7458 672 336
7459 720 336
7480 768 336
7491 816 336
7698 864 336
7739 912 336
7759 960 336
7762 0 384
7778 48 384
7783 96 384
7791 144 384
7799 192 384
7925 240 384
7936 288 384
7940 336 384
7941 384 384
7952 432 384
7967 480 384
8088 528 384
8089 576 384
8090 624 384
8091 672 384
8092 720 384
8095 768 384
8096 816 384
8098 864 384
8099 912 384
8128 960 384
8131 0 432
8132 48 432
8240 96 432
8245 144 432
8246 192 432
8263 240 432
8265 288 432
8272 336 432
8273 384 432
8274 432 432
8281 480 432
8282 528 432
8300 576 432
8376 624 432
8543 672 432
8544 720 432
8552 768 432
8553 816 432
8656 864 432
8657 912 432
8658 960 432
8659 0 480
8664 48 480
8702 96 480
8703 144 480
8704 192 480
8705 240 480
8706 288 480
8707 336 480
8757 384 480
8785 432 480
8818 480 480
8819 528 480
8820 576 480
8822 624 480
8944 672 480
8945 720 480
8946 768 480
8947 816 480
8949 864 480
8950 912 480
8965 960 480
8966 0 528
9164 48 528
9165 96 528
9166 144 528
9167 192 528
9169 240 528
9171 288 528
9172 336 528
9173 384 528
9174 432 528
9175 480 528
9187 528 528
9188 576 528
9189 624 528
9190 672 528
9202 720 528
9205 768 528
9208 816 528
9211 864 528
9214 912 528
9217 960 528
9220 0 576
9223 48 576
9226 96 576
9229 144 576
9262 192 576
9294 240 576
9295 288 576
9312 336 576
9330 384 576
9360 432 576
9361 480 576
9363 528 576
9364 576 576
9365 624 576
9366 672 576
9370 720 576
9371 768 576
9372 816 576
9373 864 576
9374 912 576
9375 960 576
9508 0 624
9509 48 624
9510 96 624
9511 144 624
9512 192 624
9514 240 624
9515 288 624
9516 336 624
9517 384 624
9518 432 624
9519 480 624
9520 528 624
9521 576 624
9530 624 624
9531 672 624
9532 720 624
9538 768 624
9554 816 624
9678 864 624
9679 912 624
9680 960 624
9681 0 672
9698 48 672
9700 96 672
9708 144 672
9710 192 672
9711 240 672
9712 288 672
9713 336 672
9714 384 672
9715 432 672
9716 480 672
9717 528 672
9727 576 672
9741 624 672
9761 672 672
9762 720 672
9764 768 672
9766 816 672
9767 864 672
9768 912 672
9769 960 672
9770 0 720
9771 48 720
9785 96 720
9804 144 720
9904 192 720
9905 240 720
9962 288 720
10035 336 720
10036 384 720
10037 432 720
10038 480 720
10049 528 720
10095 576 720
10173 624 720
10226 672 720
10234 720 720
10235 768 720
10236 816 720
10237 864 720
10238 912 720
10239 960 720
10240 0 768
10241 48 768
10242 96 768
10243 144 768
10244 192 768
10245 240 768
10246 288 768
10251 336 768
10254 384 768
10255 432 768
10269 480 768
page 1 items_p1.dds 2048 2048 32
1 0 0
2 32 0
3 64 0
4 96 0
5 128 0
6 160 0
7 192 0
8 224 0
9 256 0
10 288 0
11 320 0
12 352 0
13 384 0
14 416 0
15 448 0
16 480 0
17 512 0
18 544 0
19 576 0
20 608 0
21 640 0
22 672 0
23 704 0
24 736 0
25 768 0
26 800 0
27 832 0
28 864 0
29 896 0
30 928 0
31 960 0
32 992 0
33 1024 0
34 1056 0
35 1088 0
36 1120 0
37 1152 0
38 1184 0
39 1216 0
40 1248 0
41 1280 0
42 1312 0
43 1344 0
44 1376 0
45 1408 0
46 1440 0
47 1472 0
48 1504 0
49 1536 0
50 1568 0
51 1600 0
52 1632 0
53 1664 0
54 1696 0
55 1728 0
56 1760 0
57 1792 0
58 1824 0
59 1856 0
60 1888 0
61 1920 0
62 1952 0
63 1984 0
64 2016 0
65 0 32
66 32 32
67 64 32
68 96 32
69 128 32
70 160 32
71 192 32
72 224 32
73 256 32
74 288 32
75 320 32
76 352 32
77 384 32
78 416 32
79 448 32
80 480 32
81 512 32
82 544 32
83 576 32
84 608 32
85 640 32
86 672 32
87 704 32
88 736 32
89 768 32
90 800 32
91 832 32
92 864 32
93 896 32
94 928 32
95 960 32
96 992 32
97 1024 32
98 1056 32
99 1088 32
100 1120 32
101 1152 32
102 1184 32
103 1216 32
104 1248 32
105 1280 32
106 1312 32
107 1344 32
108 1376 32
109 1408 32
110 1440 32
111 1472 32
112 1504 32
113 1536 32
114 1568 32
115 1600 32
116 1632 32
117 1664 32
118 1696 32
119 1728 32
120 1760 32
121 1792 32
122 1824 32
123 1856 32
124 1888 32
125 1920 32
126 1952 32
127 1984 32
128 2016 32
129 0 64
130 32 64
131 64 64
132 96 64
133 128 64
134 160 64
135 192 64
136 224 64
137 256 64
138 288 64
139 320 64
140 352 64
141 384 64
142 416 64
143 448 64
144 480 64
145 512 64
146 544 64
147 576 64
148 608 64
149 640 64
150 672 64
151 704 64
152 736 64
153 768 64
154 800 64
155 832 64
156 864 64
157 896 64
158 928 64
159 960 64
160 992 64
161 1024 64
162 1056 64
163 1088 64
164 1120 64
165 1152 64
166 1184 64
167 1216 64
168 1248 64
169 1280 64
170 1312 64
171 1344 64
172 1376 64
173 1408 64
174 1440 64
175 1472 64
176 1504 64
177 1536 64
178 1568 64
179 1600 64
180 1632 64
181 1664 64
182 1696 64
183 1728 64
184 1760 64
185 1792 64
186 1824 64
187 1856 64
188 1888 64
189 1920 64
190 1952 64
191 1984 64
192 2016 64
193 0 96
194 32 96
195 64 96
196 96 96
197 128 96
198 160 96
199 192 96
200 224 96
201 256 96
202 288 96
203 320 96
204 352 96
205 384 96
206 416 96
207 448 96
208 480 96
209 512 96
210 544 96
211 576 96
212 608 96
213 640 96
214 672 96
215 704 96
216 736 96
217 768 96
218 800 96
219 832 96
220 864 96
221 896 96
222 928 96
223 960 96
224 992 96
225 1024 96
226 1056 96
227 1088 96
228 1120 96
229 1152 96
230 1184 96
231 1216 96
232 1248 96
233 1280 96
234 1312 96
235 1344 96
236 1376 96
237 1408 96
238 1440 96
239 1472 96
240 1504 96
241 1536 96
242 1568 96
243 1600 96
244 1632 96
245 1664 96
246 1696 96
247 1728 96
248 1760 96
249 1792 96
250 1824 96
251 1856 96
252 1888 96
253 1920 96
254 1952 96
255 1984 96
256 2016 96
257 0 128
258 32 128
259 64 128
260 96 128
261 128 128
262 160 128
263 192 128
264 224 128
265 256 128
266 288 128
267 320 128
268 352 128
269 384 128
270 416 128
271 448 128
272 480 128
273 512 128
274 544 128
275 576 128
276 608 128
277 640 128
278 672 128
279 704 128
280 736 128
281 768 128
282 800 128
283 832 128
284 864 128
285 896 128
286 928 128
287 960 128
288 992 128
289 1024 128
290 1056 128
291 1088 128
292 1120 128
293 1152 128
294 1184 128
295 1216 128
296 1248 128
297 1280 128
298 1312 128
299 1344 128
300 1376 128
301 1408 128
302 1440 128
303 1472 128
304 1504 128
305 1536 128
306 1568 128
307 1600 128
308 1632 128
309 1664 128
310 1696 128
311 1728 128
312 1760 128
313 1792 128
314 1824 128
315 1856 128
316 1888 128
317 1920 128
318 1952 128
319 1984 128
320 2016 128
321 0 160
322 32 160
323 64 160
324 96 160
325 128 160
326 160 160
327 192 160
328 224 160
329 256 160
330 288 160
331 320 160
332 352 160
333 384 160
334 416 160
335 448 160
336 480 160
337 512 160
338 544 160
339 576 160
340 608 160
341 640 160
342 672 160
343 704 160
344 736 160
345 768 160
346 800 160
347 832 160
348 864 160
349 896 160
350 928 160
351 960 160
352 992 160
353 1024 160
354 1056 160
355 1088 160
356 1120 160
357 1152 160
358 1184 160
359 1216 160
360 1248 160
361 1280 160
362 1312 160
363 1344 160
364 1376 160
365 1408 160
366 1440 160
367 1472 160
368 1504 160
369 1536 160
370 1568 160
371 1600 160
372 1632 160
373 1664 160
374 1696 160
375 1728 160
376 1760 160
377 1792 160
378 1824 160
379 1856 160
380 1888 160
381 1920 160
382 1952 160
383 1984 160
384 2016 160
385 0 192
386 32 192
387 64 192
388 96 192
389 128 192
390 160 192
391 192 192
392 224 192
393 256 192
394 288 192
395 320 192
396 352 192
397 384 192
398 416 192
399 448 192
400 480 192
401 512 192
402 544 192
403 576 192
404 608 192
405 640 192
406 672 192
407 704 192
408 736 192
409 768 192
410 800 192
411 832 192
412 864 192
413 896 192
414 928 192
415 960 192
416 992 192
417 1024 192
418 1056 192
419 1088 192
420 1120 192
421 1152 192
422 1184 192
423 1216 192
424 1248 192
425 1280 192
426 1312 192
427 1344 192
428 1376 192
429 1408 192
430 1440 192
431 1472 192
432 1504 192
433 1536 192
434 1568 192
435 1600 192
436 1632 192
437 1664 192
438 1696 192
439 1728 192
440 1760 192
441 1792 192
442 1824 192
443 1856 192
444 1888 192
445 1920 192
446 1952 192
447 1984 192
448 2016 192
449 0 224
450 32 224
451 64 224
452 96 224
453 128 224
454 160 224
455 192 224
456 224 224
457 256 224
458 288 224
459 320 224
460 352 224
461 384 224
462 416 224
463 448 224
464 480 224
465 512 224
466 544 224
467 576 224
468 608 224
469 640 224
470 672 224
471 704 224
472 736 224
473 768 224
474 800 224
475 832 224
476 864 224
477 896 224
478 928 224
479 960 224
480 992 224
481 1024 224
482 1056 224
483 1088 224
484 1120 224
485 1152 224
486 1184 224
487 1216 224
488 1248 224
489 1280 224
490 1312 224
491 1344 224
492 1376 224
493 1408 224
494 1440 224
495 1472 224
496 1504 224
497 1536 224
498 1568 224
499 1600 224
500 1632 224
501 1664 224
502 1696 224
503 1728 224
504 1760 224
505 1792 224
506 1824 224
507 1856 224
508 1888 224
509 1920 224
510 1952 224
511 1984 224
512 2016 224
513 0 256
514 32 256
516 64 256
517 96 256
518 128 256
519 160 256
521 192 256
522 224 256
523 256 256
524 288 256
525 320 256
526 352 256
527 384 256
528 416 256
529 448 256
530 480 256
532 512 256
533 544 256
534 576 256
535 608 256
536 640 256
537 672 256
538 704 256
539 736 256
540 768 256
541 800 256
542 832 256
543 864 256
544 896 256
545 928 256
546 960 256
547 992 256
548 1024 256
549 1056 256
550 1088 256
551 1120 256
552 1152 256
553 1184 256
554 1216 256
558 1248 256
559 1280 256
560 1312 256
561 1344 256
562 1376 256
563 1408 256
564 1440 256
565 1472 256
566 1504 256
567 1536 256
568 1568 256
570 1600 256
571 1632 256
572 1664 256
573 1696 256
574 1728 256
575 1760 256
576 1792 256
577 1824 256
578 1856 256
579 1888 256
580 1920 256
581 1952 256
582 1984 256
583 2016 256
584 0 288
585 32 288
586 64 288
587 96 288
588 128 288
589 160 288
590 192 288
591 224 288
592 256 288
593 288 288
594 320 288
595 352 288
596 384 288
597 416 288
598 448 288
599 480 288
600 512 288
601 544 288
602 576 288
603 608 288
604 640 288
605 672 288
606 704 288
607 736 288
608 768 288
609 800 288
610 832 288
611 864 288
612 896 288
613 928 288
614 960 288
615 992 288
616 1024 288
617 1056 288
618 1088 288
619 1120 288
620 1152 288
621 1184 288
622 1216 288
623 1248 288
624 1280 288
625 1312 288
626 1344 288
627 1376 288
628 1408 288
629 1440 288
630 1472 288
631 1504 288
632 1536 288
633 1568 288
634 1600 288
635 1632 288
636 1664 288
637 1696 288
638 1728 288
639 1760 288
640 1792 288
641 1824 288
642 1856 288
643 1888 288
644 1920 288
645 1952 288
646 1984 288
647 2016 288
648 0 320
649 32 320
650 64 320
651 96 320
652 128 320
653 160 320
654 192 320
655 224 320
656 256 320
657 288 320
658 320 320
659 352 320
660 384 320
661 416 320
662 448 320
663 480 320
664 512 320
665 544 320
666 576 320
667 608 320
668 640 320
670 672 320
671 704 320
672 736 320
673 768 320
674 800 320
675 832 320
676 864 320
677 896 320
678 928 320
679 960 320
680 992 320
681 1024 320
682 1056 320
683 1088 320
684 1120 320
685 1152 320
686 1184 320
687 1216 320
688 1248 320
689 1280 320
690 1312 320
691 1344 320
692 1376 320
693 1408 320
694 1440 320
695 1472 320
696 1504 320
697 1536 320
698 1568 320
699 1600 320
700 1632 320
701 1664 320
702 1696 320
703 1728 320
704 1760 320
705 1792 320
706 1824 320
707 1856 320
708 1888 320
709 1920 320
710 1952 320
711 1984 320
712 2016 320
713 0 352
714 32 352
715 64 352
716 96 352
717 128 352
718 160 352
719 192 352
721 224 352
722 256 352
723 288 352
724 320 352
725 352 352
726 384 352
727 416 352
728 448 352
729 480 352
730 512 352
732 544 352
733 576 352
734 608 352
735 640 352
736 672 352
737 704 352
738 736 352
739 768 352
740 800 352
741 832 352
742 864 352
743 896 352
744 928 352
745 960 352
746 992 352
747 1024 352
748 1056 352
749 1088 352
750 1120 352
751 1152 352
752 1184 352
753 1216 352
754 1248 352
755 1280 352
756 1312 352
757 1344 352
758 1376 352
759 1408 352
760 1440 352
761 1472 352
762 1504 352
763 1536 352
764 1568 352
765 1600 352
766 1632 352
767 1664 352
768 1696 352
769 1728 352
770 1760 352
771 1792 352
772 1824 352
773 1856 352
774 1888 352
775 1920 352
776 1952 352
777 1984 352
778 2016 352
779 0 384
780 32 384
781 64 384
782 96 384
783 128 384
784 160 384
785 192 384
786 224 384
787 256 384
788 288 384
789 320 384
790 352 384
791 384 384
792 416 384
793 448 384
794 480 384
795 512 384
796 544 384
797 576 384
798 608 384
800 640 384
801 672 384
802 704 384
803 736 384
804 768 384
805 800 384
806 832 384
807 864 384
808 896 384
809 928 384
810 960 384
811 992 384
812 1024 384
813 1056 384
814 1088 384
815 1120 384
816 1152 384
817 1184 384
818 1216 384
819 1248 384
820 1280 384
821 1312 384
822 1344 384
823 1376 384
824 1408 384
825 1440 384
826 1472 384
827 1504 384
828 1536 384
829 1568 384
830 1600 384
831 1632 384
832 1664 384
833 1696 384
834 1728 384
835 1760 384
836 1792 384
837 1824 384
838 1856 384
839 1888 384
840 1920 384
841 1952 384
842 1984 384
843 2016 384
844 0 416
845 32 416
846 64 416
847 96 416
848 128 416
849 160 416
850 192 416
851 224 416
852 256 416
853 288 416
854 320 416
855 352 416
856 384 416
857 416 416
858 448 416
859 480 416
860 512 416
861 544 416
862 576 416
863 608 416
864 640 416
865 672 416
866 704 416
867 736 416
868 768 416
869 800 416
870 832 416
871 864 416
872 896 416
873 928 416
874 960 416
875 992 416
876 1024 416
877 1056 416
878 1088 416
879 1120 416
880 1152 416
881 1184 416
882 1216 416
883 1248 416
884 1280 416
885 1312 416
886 1344 416
887 1376 416
888 1408 416
889 1440 416
890 1472 416
891 1504 416
892 1536 416
893 1568 416
894 1600 416
895 1632 416
896 1664 416
897 1696 416
898 1728 416
899 1760 416
900 1792 416
901 1824 416
902 1856 416
903 1888 416
904 1920 416
905 1952 416
906 1984 416
907 2016 416
908 0 448
909 32 448
910 64 448
911 96 448
912 128 448
913 160 448
914 192 448
915 224 448
916 256 448
917 288 448
918 320 448
919 352 448
920 384 448
921 416 448
922 448 448
923 480 448
924 512 448
925 544 448
926 576 448
927 608 448
928 640 448
929 672 448
930 704 448
931 736 448
932 768 448
933 800 448
934 832 448
935 864 448
936 896 448
937 928 448
938 960 448
939 992 448
940 1024 448
941 1056 448
942 1088 448
943 1120 448
944 1152 448
945 1184 448
946 1216 448
947 1248 448
948 1280 448
949 1312 448
950 1344 448
951 1376 448
952 1408 448
953 1440 448
954 1472 448
955 1504 448
956 1536 448
957 1568 448
958 1600 448
959 1632 448
960 1664 448
961 1696 448
962 1728 448
963 1760 448
964 1792 448
965 1824 448
966 1856 448
967 1888 448
968 1920 448
969 1952 448
970 1984 448
971 2016 448
972 0 480
973 32 480
974 64 480
975 96 480
976 128 480
977 160 480
978 192 480
979 224 480
980 256 480
981 288 480
982 320 480
983 352 480
984 384 480
985 416 480
986 448 480
987 480 480
988 512 480
989 544 480
990 576 480
991 608 480
992 640 480
993 672 480
994 704 480
995 736 480
996 768 480
997 800 480
998 832 480
999 864 480
1000 896 480
1001 928 480
1002 960 480
1003 992 480
1004 1024 480
1005 1056 480
1006 1088 480
1007 1120 480
1008 1152 480
1009 1184 480
1010 1216 480
1011 1248 480
1012 1280 480
1013 1312 480
1014 1344 480
1015 1376 480
1016 1408 480
1017 1440 480
1018 1472 480
1019 1504 480
1020 1536 480
1021 1568 480
1022 1600 480
1023 1632 480
1024 1664 480
1025 1696 480
1026 1728 480
1027 1760 480
1028 1792 480
1029 1824 480
1030 1856 480
1031 1888 480
1032 1920 480
1033 1952 480
1034 1984 480
1035 2016 480
1036 0 512
1037 32 512
1038 64 512
1039 96 512
1040 128 512
1041 160 512
1042 192 512
1043 224 512
1044 256 512
1045 288 512
1046 320 512
1047 352 512
1048 384 512
1049 416 512
1050 448 512
1051 480 512
1052 512 512
1053 544 512
1054 576 512
1055 608 512
1056 640 512
1057 672 512
1058 704 512
1059 736 512
1060 768 512
1061 800 512
1062 832 512
1063 864 512
1064 896 512
1065 928 512
1066 960 512
1067 992 512
1068 1024 512
1069 1056 512
1070 1088 512
1071 1120 512
1072 1152 512
1073 1184 512
1074 1216 512
1075 1248 512
1076 1280 512
1077 1312 512
1078 1344 512
1079 1376 512
1081 1408 512
1082 1440 512
1083 1472 512
1084 1504 512
1085 1536 512
1086 1568 512
1087 1600 512
1088 1632 512
1089 1664 512
1090 1696 512
1091 1728 512
1092 1760 512
1093 1792 512
1094 1824 512
1095 1856 512
1096 1888 512
1097 1920 512
1098 1952 512
1099 1984 512
1100 2016 512
1101 0 544
1102 32 544
1103 64 544
1104 96 544
1105 128 544
1106 160 544
1107 192 544
1108 224 544
1109 256 544
1110 288 544
1111 320 544
1112 352 544
1113 384 544
1114 416 544
1115 448 544
1116 480 544
1117 512 544
1118 544 544
1119 576 544
1121 608 544
1122 640 544
1123 672 544
1124 704 544
1125 736 544
1126 768 544
1127 800 544
1128 832 544
1129 864 544
1130 896 544
1131 928 544
1132 960 544
1133 992 544
1134 1024 544
1135 1056 544
1136 1088 544
1137 1120 544
1138 1152 544
1139 1184 544
1140 1216 544
1141 1248 544
1142 1280 544
1143 1312 544
1144 1344 544
1145 1376 544
1147 1408 544
1148 1440 544
1149 1472 544
1150 1504 544
1151 1536 544
1152 1568 544
1153 1600 544
1154 1632 544
1155 1664 544
1156 1696 544
1157 1728 544
1158 1760 544
1159 1792 544
1160 1824 544
1161 1856 544
1162 1888 544
1163 1920 544
1164 1952 544
1165 1984 544
1166 2016 544
1167 0 576
1168 32 576
1169 64 576
1170 96 576
1171 128 576
1172 160 576
1173 192 576
1174 224 576
1175 256 576
1176 288 576
1177 320 576
1178 352 576
1179 384 576
1180 416 576
1181 448 576
1182 480 576
1183 512 576
1184 544 576
1185 576 576
1187 608 576
1188 640 576
1189 672 576
1190 704 576
1191 736 576
1192 768 576
1193 800 576
1194 832 576
1195 864 576
1196 896 576
1197 928 576
1198 960 576
1199 992 576
1200 1024 576
1201 1056 576
1202 1088 576
1203 1120 576
1204 1152 576
1205 1184 576
1206 1216 576
1207 1248 576
1208 1280 576
1209 1312 576
1210 1344 576
1211 1376 576
1212 1408 576
1213 1440 576
1214 1472 576
1215 1504 576
1216 1536 576
1217 1568 576
1218 1600 576
1219 1632 576
1220 1664 576
1221 1696 576
1222 1728 576
1223 1760 576
1224 1792 576
1225 1824 576
1226 1856 576
1227 1888 576
1228 1920 576
1229 1952 576
1230 1984 576
1231 2016 576
1232 0 608
1233 32 608
1234 64 608
1235 96 608
1236 128 608
1237 160 608
1238 192 608
1239 224 608
1240 256 608
1241 288 608
1242 320 608
1243 352 608
1244 384 608
1245 416 608
1246 448 608
1247 480 608
1248 512 608
1249 544 608
1250 576 608
1251 608 608
1252 640 608
1253 672 608
1254 704 608
1255 736 608
1256 768 608
1257 800 608
1258 832 608
1259 864 608
1260 896 608
1261 928 608
1262 960 608
1263 992 608
1264 1024 608
1265 1056 608
1266 1088 608
1267 1120 608
1268 1152 608
1269 1184 608
1270 1216 608
1271 1248 608
1272 1280 608
1273 1312 608
1274 1344 608
1275 1376 608
1276 1408 608
1277 1440 608
1278 1472 608
1279 1504 608
1280 1536 608
1281 1568 608
1282 1600 608
1283 1632 608
1284 1664 608
1285 1696 608
1286 1728 608
1287 1760 608
1288 1792 608
1289 1824 608
1290 1856 608
1291 1888 608
1292 1920 608
1293 1952 608
1294 1984 608
1295 2016 608
1296 0 640
1297 32 640
1298 64 640
1299 96 640
1300 128 640
1301 160 640
1302 192 640
1303 224 640
1304 256 640
1305 288 640
1306 320 640
1307 352 640
1308 384 640
1309 416 640
1310 448 640
1311 480 640
1312 512 640
1313 544 640
1314 576 640
1315 608 640
1316 640 640
1317 672 640
1318 704 640
1319 736 640
1320 768 640
1321 800 640
1322 832 640
1323 864 640
1324 896 640
1325 928 640
1326 960 640
1327 992 640
1328 1024 640
1329 1056 640
1330 1088 640
1331 1120 640
1332 1152 640
1333 1184 640
1334 1216 640
1335 1248 640
1336 1280 640
1337 1312 640
1338 1344 640
1339 1376 640
1340 1408 640
1341 1440 640
1342 1472 640
1343 1504 640
1344 1536 640
1345 1568 640
1346 1600 640
1347 1632 640
1348 1664 640
1349 1696 640
1350 1728 640
1351 1760 640
1352 1792 640
1353 1824 640
1354 1856 640
1355 1888 640
1356 1920 640
1357 1952 640
1358 1984 640
1359 2016 640
1360 0 672
1361 32 672
1362 64 672
1363 96 672
1364 128 672
1365 160 672
1366 192 672
1367 224 672
1368 256 672
1369 288 672
1370 320 672
1371 352 672
1372 384 672
1373 416 672
1374 448 672
1375 480 672
1376 512 672
1377 544 672
1378 576 672
1379 608 672
1380 640 672
1381 672 672
1382 704 672
1383 736 672
1384 768 672
1385 800 672
1386 832 672
1387 864 672
1388 896 672
1389 928 672
1390 960 672
1391 992 672
1392 1024 672
1393 1056 672
1394 1088 672
1395 1120 672
1396 1152 672
1397 1184 672
1398 1216 672
1399 1248 672
1400 1280 672
1401 1312 672
1402 1344 672
1403 1376 672
1404 1408 672
1405 1440 672
1406 1472 672
1407 1504 672
1408 1536 672
1409 1568 672
1410 1600 672
1411 1632 672
1412 1664 672
1413 1696 672
1414 1728 672
1415 1760 672
1416 1792 672
1417 1824 672
1418 1856 672
1419 1888 672
1420 1920 672
1422 1952 672
1423 1984 672
1426 2016 672
1427 0 704
1428 32 704
1429 64 704
1430 96 704
1431 128 704
1432 160 704
1433 192 704
1434 224 704
1435 256 704
1436 288 704
1437 320 704
1438 352 704
1439 384 704
1440 416 704
1441 448 704
1442 480 704
1443 512 704
1444 544 704
1445 576 704
1446 608 704
1447 640 704
1448 672 704
1449 704 704
1450 736 704
1451 768 704
1452 800 704
1453 832 704
1454 864 704
1455 896 704
1456 928 704
1457 960 704
1458 992 704
1459 1024 704
1460 1056 704
1461 1088 704
1462 1120 704
1463 1152 704
1464 1184 704
1465 1216 704
1466 1248 704
1467 1280 704
1468 1312 704
1469 1344 704
1470 1376 704
1471 1408 704
1472 1440 704
1473 1472 704
1474 1504 704
1475 1536 704
1476 1568 704
1477 1600 704
1478 1632 704
1479 1664 704
1480 1696 704
1481 1728 704
1482 1760 704
1483 1792 704
1484 1824 704
1485 1856 704
1486 1888 704
1487 1920 704
1488 1952 704
1489 1984 704
1490 2016 704
1491 0 736
1492 32 736
1493 64 736
1494 96 736
1495 128 736
1496 160 736
1497 192 736
1498 224 736
1499 256 736
1500 288 736
1501 320 736
1502 352 736
1503 384 736
1504 416 736
1505 448 736
1506 480 736
1507 512 736
1508 544 736
1509 576 736
1510 608 736
1511 640 736
1512 672 736
1514 704 736
1515 736 736
1516 768 736
1517 800 736
1518 832 736
1519 864 736
1520 896 736
1521 928 736
1522 960 736
1523 992 736
1524 1024 736
1525 1056 736
1526 1088 736
1527 1120 736
1528 1152 736
1529 1184 736
1530 1216 736
1531 1248 736
1532 1280 736
1533 1312 736
1534 1344 736
1535 1376 736
1536 1408 736
1537 1440 736
1538 1472 736
1539 1504 736
1540 1536 736
1541 1568 736
1542 1600 736
1543 1632 736
1545 1664 736
1546 1696 736
1547 1728 736
1548 1760 736
1549 1792 736
1550 1824 736
1551 1856 736
1552 1888 736
1553 1920 736
1554 1952 736
1555 1984 736
1556 2016 736
1557 0 768
1558 32 768
1559 64 768
1560 96 768
1561 128 768
1562 160 768
1563 192 768
1564 224 768
1565 256 768
1566 288 768
1567 320 768
1568 352 768
1569 384 768
1570 416 768
1571 448 768
1572 480 768
1573 512 768
1574 544 768
1575 576 768
1576 608 768
1577 640 768
1578 672 768
1579 704 768
1580 736 768
1581 768 768
1582 800 768
1583 832 768
1584 864 768
1585 896 768
1586 928 768
1587 960 768
1588 992 768
1589 1024 768
1590 1056 768
1591 1088 768
1592 1120 768
1593 1152 768
1594 1184 768
1595 1216 768
1596 1248 768
1597 1280 768
1598 1312 768
1599 1344 768
1600 1376 768
1601 1408 768
1602 1440 768
1603 1472 768
1604 1504 768
1605 1536 768
1606 1568 768
1607 1600 768
1608 1632 768
1609 1664 768
1610 1696 768
1611 1728 768
1612 1760 768
1613 1792 768
1614 1824 768
1615 1856 768
1616 1888 768
1617 1920 768
1618 1952 768
1619 1984 768
1620 2016 768
1621 0 800
1622 32 800
1623 64 800
1624 96 800
1625 128 800
1626 160 800
1627 192 800
1628 224 800
1629 256 800
1630 288 800
1631 320 800
1632 352 800
1633 384 800
1634 416 800
1635 448 800
1636 480 800
1640 512 800
1641 544 800
1642 576 800
1643 608 800
1644 640 800
1645 672 800
1646 704 800
1647 736 800
1648 768 800
1649 800 800
1650 832 800
1651 864 800
1652 896 800
1653 928 800
1654 960 800
1655 992 800
1656 1024 800
1657 1056 800
1658 1088 800
1659 1120 800
1660 1152 800
1661 1184 800
1662 1216 800
1663 1248 800
1664 1280 800
1665 1312 800
1666 1344 800
1667 1376 800
1668 1408 800
1669 1440 800
1670 1472 800
1671 1504 800
1672 1536 800
1673 1568 800
1674 1600 800
1675 1632 800
1676 1664 800
1677 1696 800
1678 1728 800
1679 1760 800
1680 1792 800
1681 1824 800
1682 1856 800
1683 1888 800
1684 1920 800
1685 1952 800
1686 1984 800
1687 2016 800
1688 0 832
1689 32 832
1690 64 832
1691 96 832
1692 128 832
1693 160 832
1694 192 832
1695 224 832
1696 256 832
1697 288 832
1698 320 832
1699 352 832
1700 384 832
1701 416 832
1702 448 832
1703 480 832
1704 512 832
1705 544 832
1706 576 832
1707 608 832
1708 640 832
1709 672 832
1710 704 832
1711 736 832
1712 768 832
1713 800 832
1714 832 832
1715 864 832
1716 896 832
1717 928 832
1718 960 832
1719 992 832
1720 1024 832
1721 1056 832
1722 1088 832
1724 1120 832
1725 1152 832
1726 1184 832
1727 1216 832
1728 1248 832
1729 1280 832
1730 1312 832
1731 1344 832
1732 1376 832
1733 1408 832
1734 1440 832
1735 1472 832
1736 1504 832
1737 1536 832
1738 1568 832
1739 1600 832
1740 1632 832
1741 1664 832
1742 1696 832
1743 1728 832
1744 1760 832
1745 1792 832
1746 1824 832
1747 1856 832
1748 1888 832
1749 1920 832
1750 1952 832
1751 1984 832
1752 2016 832
1753 0 864
1754 32 864
1755 64 864
1756 96 864
1757 128 864
1758 160 864
1759 192 864
1760 224 864
1761 256 864
1762 288 864
1763 320 864
1764 352 864
1765 384 864
1771 416 864
1772 448 864
1773 480 864
1774 512 864
1775 544 864
1777 576 864
1778 608 864
1779 640 864
1780 672 864
1782 704 864
1783 736 864
1784 768 864
1785 800 864
1786 832 864
1787 864 864
1788 896 864
1789 928 864
1790 960 864
1791 992 864
1792 1024 864
1793 1056 864
1794 1088 864
1795 1120 864
1796 1152 864
1797 1184 864
1798 1216 864
1799 1248 864
1800 1280 864
1801 1312 864
1802 1344 864
1803 1376 864
1804 1408 864
1805 1440 864
1806 1472 864
1807 1504 864
1808 1536 864
1810 1568 864
1815 1600 864
1816 1632 864
1817 1664 864
1818 1696 864
1819 1728 864
1820 1760 864
1821 1792 864
1822 1824 864
1823 1856 864
1824 1888 864
1825 1920 864
1826 1952 864
1827 1984 864
1828 2016 864
1829 0 896
1830 32 896
1831 64 896
1832 96 896
1833 128 896
1834 160 896
1835 192 896
1836 224 896
1837 256 896
1838 288 896
1839 320 896
1840 352 896
1841 384 896
1842 416 896
1843 448 896
1844 480 896
1845 512 896
1846 544 896
1847 576 896
1848 608 896
1849 640 896
1850 672 896
1851 704 896
1855 736 896
1856 768 896
1857 800 896
1858 832 896
1859 864 896
1860 896 896
1861 928 896
1862 960 896
1863 992 896
1864 1024 896
1865 1056 896
1866 1088 896
1867 1120 896
1868 1152 896
1869 1184 896
1870 1216 896
1871 1248 896
1872 1280 896
1873 1312 896
1874 1344 896
1875 1376 896
1876 1408 896
1877 1440 896
1878 1472 896
1879 1504 896
1880 1536 896
1881 1568 896
1882 1600 896
1883 1632 896
1884 1664 896
1885 1696 896
1886 1728 896
1887 1760 896
1888 1792 896
1889 1824 896
1891 1856 896
1892 1888 896
1893 1920 896
1894 1952 896
1895 1984 896
1896 2016 896
1897 0 928
1898 32 928
1899 64 928
1900 96 928
1901 128 928
1902 160 928
1903 192 928
1904 224 928
1905 256 928
1906 288 928
1907 320 928
1908 352 928
1909 384 928
1910 416 928
1911 448 928
1912 480 928
1913 512 928
1914 544 928
1915 576 928
1916 608 928
1917 640 928
1918 672 928
1919 704 928
1920 736 928
1921 768 928
1922 800 928
1923 832 928
1924 864 928
1925 896 928
1926 928 928
1927 960 928
1928 992 928
1929 1024 928
1930 1056 928
1931 1088 928
1932 1120 928
1933 1152 928
1934 1184 928
1935 1216 928
1936 1248 928
1937 1280 928
1938 1312 928
1940 1344 928
1941 1376 928
1942 1408 928
1943 1440 928
1944 1472 928
1945 1504 928
1946 1536 928
1947 1568 928
1948 1600 928
1949 1632 928
1950 1664 928
1952 1696 928
1953 1728 928
1954 1760 928
1955 1792 928
1956 1824 928
1957 1856 928
1958 1888 928
1959 1920 928
1960 1952 928
1961 1984 928
1962 2016 928
1963 0 960
1964 32 960
1965 64 960
1966 96 960
1967 128 960
1968 160 960
1969 192 960
1970 224 960
1971 256 960
1972 288 960
1973 320 960
1974 352 960
1975 384 960
1979 416 960
1980 448 960
1981 480 960
1982 512 960
1983 544 960
1984 576 960
1985 608 960
1986 640 960
1987 672 960
1988 704 960
1989 736 960
1990 768 960
1991 800 960
1992 832 960
1993 864 960
1994 896 960
1995 928 960
1996 960 960
1997 992 960
1998 1024 960
2000 1056 960
2001 1088 960
2003 1120 960
2004 1152 960
2005 1184 960
2006 1216 960
2007 1248 960
2008 1280 960
2009 1312 960
2010 1344 960
2011 1376 960
2012 1408 960
2013 1440 960
2014 1472 960
2015 1504 960
2016 1536 960
2017 1568 960
2018 1600 960
2019 1632 960
2020 1664 960
2021 1696 960
2022 1728 960
2023 1760 960
2024 1792 960
2025 1824 960
2026 1856 960
2027 1888 960
2028 1920 960
2029 1952 960
2030 1984 960
2031 2016 960
2032 0 992
2033 32 992
2034 64 992
2035 96 992
2037 128 992
2038 160 992
2039 192 992
2040 224 992
2041 256 992
2042 288 992
2043 320 992
2044 352 992
2045 384 992
2046 416 992
2047 448 992
2048 480 992
2049 512 992
2050 544 992
2051 576 992
2052 608 992
2053 640 992
2054 672 992
2055 704 992
2059 736 992
2060 768 992
2061 800 992
2062 832 992
2063 864 992
2064 896 992
2065 928 992
2066 960 992
2067 992 992
2068 1024 992
2069 1056 992
2070 1088 992
2071 1120 992
2072 1152 992
2073 1184 992
2074 1216 992
2075 1248 992
2076 1280 992
2077 1312 992
2078 1344 992
2080 1376 992
2081 1408 992
2082 1440 992
2083 1472 992
2084 1504 992
2085 1536 992
2086 1568 992
2087 1600 992
2088 1632 992
2089 1664 992
2090 1696 992
2091 1728 992
2092 1760 992
2093 1792 992
2094 1824 992
2095 1856 992
2096 1888 992
2097 1920 992
2098 1952 992
2099 1984 992
2100 2016 992
2101 0 1024
2102 32 1024
2103 64 1024
2104 96 1024
2105 128 1024
2106 160 1024
2107 192 1024
2108 224 1024
2109 256 1024
2110 288 1024
2111 320 1024
2112 352 1024
2113 384 1024
2114 416 1024
2115 448 1024
2116 480 1024
2117 512 1024
2118 544 1024
2119 576 1024
2120 608 1024
2121 640 1024
2122 672 1024
2123 704 1024
2124 736 1024
2125 768 1024
2126 800 1024
2127 832 1024
2128 864 1024
2129 896 1024
2130 928 1024
2131 960 1024
2132 992 1024
2133 1024 1024
2134 1056 1024
2135 1088 1024
2136 1120 1024
2137 1152 1024
2138 1184 1024
2139 1216 1024
2140 1248 1024
2141 1280 1024
2142 1312 1024
2143 1344 1024
2144 1376 1024
2145 1408 1024
2146 1440 1024
2147 1472 1024
2148 1504 1024
2150 1536 1024
2151 1568 1024
2152 1600 1024
2153 1632 1024
2154 1664 1024
2155 1696 1024
2156 1728 1024
2157 1760 1024
2158 1792 1024
2159 1824 1024
2160 1856 1024
2161 1888 1024
2162 1920 1024
2163 1952 1024
2164 1984 1024
2165 2016 1024
2166 0 1056
2167 32 1056
2168 64 1056
2169 96 1056
2170 128 1056
2171 160 1056
2172 192 1056
2173 224 1056
2174 256 1056
2175 288 1056
2176 320 1056
2177 352 1056
2178 384 1056
2179 416 1056
2180 448 1056
2181 480 1056
2182 512 1056
2183 544 1056
2184 576 1056
2185 608 1056
2186 640 1056
2188 672 1056
2189 704 1056
2190 736 1056
2191 768 1056
2192 800 1056
2193 832 1056
2194 864 1056
2195 896 1056
2196 928 1056
2197 960 1056
2198 992 1056
2199 1024 1056
2200 1056 1056
2201 1088 1056
2202 1120 1056
2203 1152 1056
2204 1184 1056
2205 1216 1056
2206 1248 1056
2207 1280 1056
2208 1312 1056
2209 1344 1056
2210 1376 1056
2211 1408 1056
2212 1440 1056
2213 1472 1056
2214 1504 1056
2215 1536 1056
2216 1568 1056
2217 1600 1056
2218 1632 1056
2219 1664 1056
2220 1696 1056
2221 1728 1056
2222 1760 1056
2223 1792 1056
2224 1824 1056
2225 1856 1056
2226 1888 1056
2227 1920 1056
2228 1952 1056
2230 1984 1056
2231 2016 1056
2232 0 1088
2233 32 1088
2235 64 1088
2236 96 1088
2237 128 1088
2238 160 1088
2239 192 1088
2240 224 1088
2241 256 1088
2242 288 1088
2243 320 1088
2244 352 1088
2245 384 1088
2246 416 1088
2247 448 1088
2248 480 1088
2249 512 1088
2250 544 1088
2251 576 1088
2252 608 1088
2253 640 1088
2254 672 1088
2255 704 1088
2256 736 1088
2257 768 1088
2258 800 1088
2259 832 1088
2260 864 1088
2261 896 1088
2263 928 1088
2264 960 1088
2265 992 1088
2266 1024 1088
2267 1056 1088
2268 1088 1088
2269 1120 1088
2270 1152 1088
2272 1184 1088
2273 1216 1088
2274 1248 1088
2275 1280 1088
2276 1312 1088
2277 1344 1088
2278 1376 1088
2279 1408 1088
2280 1440 1088
2281 1472 1088
2282 1504 1088
2283 1536 1088
2284 1568 1088
2285 1600 1088
2286 1632 1088
2287 1664 1088
2288 1696 1088
2290 1728 1088
2291 1760 1088
2292 1792 1088
2294 1824 1088
2295 1856 1088
2296 1888 1088
2297 1920 1088
2298 1952 1088
2299 1984 1088
2301 2016 1088
2302 0 1120
2303 32 1120
2304 64 1120
2305 96 1120
2306 128 1120
2307 160 1120
2308 192 1120
2309 224 1120
2310 256 1120
2311 288 1120
2312 320 1120
2313 352 1120
2314 384 1120
2315 416 1120
2316 448 1120
2317 480 1120
2318 512 1120
2319 544 1120
2320 576 1120
2321 608 1120
2322 640 1120
2323 672 1120
2324 704 1120
2325 736 1120
2326 768 1120
2327 800 1120
2328 832 1120
2329 864 1120
2330 896 1120
2331 928 1120
2332 960 1120
2333 992 1120
2334 1024 1120
2335 1056 1120
2336 1088 1120
2337 1120 1120
2338 1152 1120
2339 1184 1120
2340 1216 1120
2341 1248 1120
2342 1280 1120
2343 1312 1120
2344 1344 1120
2345 1376 1120
2346 1408 1120
2347 1440 1120
2348 1472 1120
2349 1504 1120
2350 1536 1120
2351 1568 1120
2352 1600 1120
2353 1632 1120
2354 1664 1120
2355 1696 1120
2356 1728 1120
2357 1760 1120
2358 1792 1120
2359 1824 1120
2360 1856 1120
2361 1888 1120
2362 1920 1120
2363 1952 1120
2364 1984 1120
2365 2016 1120
2366 0 1152
2367 32 1152
2368 64 1152
2369 96 1152
2370 128 1152
2371 160 1152
2372 192 1152
2373 224 1152
2374 256 1152
2375 288 1152
2376 320 1152
2377 352 1152
2378 384 1152
2379 416 1152
2380 448 1152
2381 480 1152
2382 512 1152
2383 544 1152
2384 576 1152
2385 608 1152
2386 640 1152
2387 672 1152
2388 704 1152
2389 736 1152
2390 768 1152
2391 800 1152
2392 832 1152
2393 864 1152
2394 896 1152
2395 928 1152
2396 960 1152
2397 992 1152
2398 1024 1152
2399 1056 1152
2400 1088 1152
2401 1120 1152
2402 1152 1152
2403 1184 1152
2404 1216 1152
2405 1248 1152
2406 1280 1152
2407 1312 1152
2408 1344 1152
2409 1376 1152
2410 1408 1152
2411 1440 1152
2412 1472 1152
2413 1504 1152
2414 1536 1152
2415 1568 1152
2416 1600 1152
2417 1632 1152
2418 1664 1152
2419 1696 1152
2420 1728 1152
2421 1760 1152
2422 1792 1152
2423 1824 1152
2424 1856 1152
2425 1888 1152
2426 1920 1152
2427 1952 1152
2428 1984 1152
2429 2016 1152
2430 0 1184
2431 32 1184
2432 64 1184
2433 96 1184
2434 128 1184
2435 160 1184
2436 192 1184
2437 224 1184
2438 256 1184
2439 288 1184
2440 320 1184
2441 352 1184
2442 384 1184
2443 416 1184
2444 448 1184
2445 480 1184
2446 512 1184
2447 544 1184
2448 576 1184
2449 608 1184
2450 640 1184
2451 672 1184
2452 704 1184
2453 736 1184
2454 768 1184
2455 800 1184
2456 832 1184
2457 864 1184
2458 896 1184
2459 928 1184
2460 960 1184
2461 992 1184
2462 1024 1184
2463 1056 1184
2464 1088 1184
2465 1120 1184
2466 1152 1184
2467 1184 1184
2468 1216 1184
2469 1248 1184
2470 1280 1184
2471 1312 1184
2472 1344 1184
2473 1376 1184
2474 1408 1184
2475 1440 1184
2476 1472 1184
2477 1504 1184
2478 1536 1184
2479 1568 1184
2480 1600 1184
2481 1632 1184
2482 1664 1184
2483 1696 1184
2484 1728 1184
2485 1760 1184
2486 1792 1184
2487 1824 1184
2488 1856 1184
2489 1888 1184
2490 1920 1184
2491 1952 1184
2492 1984 1184
2493 2016 1184
2494 0 1216
2495 32 1216
2496 64 1216
2497 96 1216
2498 128 1216
2499 160 1216
2500 192 1216
2501 224 1216
2502 256 1216
2503 288 1216
2504 320 1216
2505 352 1216
2506 384 1216
2507 416 1216
2508 448 1216
2509 480 1216
2510 512 1216
2511 544 1216
2512 576 1216
2513 608 1216
2514 640 1216
2515 672 1216
2516 704 1216
2517 736 1216
2518 768 1216
2519 800 1216
2520 832 1216
2521 864 1216
2522 896 1216
2523 928 1216
2524 960 1216
2525 992 1216
2526 1024 1216
2527 1056 1216
2528 1088 1216
2529 1120 1216
2530 1152 1216
2531 1184 1216
2532 1216 1216
2533 1248 1216
2534 1280 1216
2535 1312 1216
2536 1344 1216
2537 1376 1216
2538 1408 1216
2539 1440 1216
2540 1472 1216
2541 1504 1216
2542 1536 1216
2543 1568 1216
2544 1600 1216
2545 1632 1216
2546 1664 1216
2547 1696 1216
2548 1728 1216
2549 1760 1216
2550 1792 1216
2551 1824 1216
2552 1856 1216
2553 1888 1216
2554 1920 1216
2555 1952 1216
2556 1984 1216
2557 2016 1216
2558 0 1248
2559 32 1248
2560 64 1248
2561 96 1248
2562 128 1248
2563 160 1248
2564 192 1248
2565 224 1248
2566 256 1248
2567 288 1248
2568 320 1248
2569 352 1248
2570 384 1248
2571 416 1248
2572 448 1248
2573 480 1248
2574 512 1248
2575 544 1248
2576 576 1248
2577 608 1248
2578 640 1248
2579 672 1248
2580 704 1248
2581 736 1248
2582 768 1248
2583 800 1248
2584 832 1248
2585 864 1248
2586 896 1248
2587 928 1248
2588 960 1248
2589 992 1248
2590 1024 1248
2591 1056 1248
2592 1088 1248
2593 1120 1248
2594 1152 1248
2595 1184 1248
2596 1216 1248
2597 1248 1248
2598 1280 1248
2599 1312 1248
2600 1344 1248
2601 1376 1248
2602 1408 1248
2603 1440 1248
2604 1472 1248
2605 1504 1248
2606 1536 1248
2607 1568 1248
2608 1600 1248
2609 1632 1248
2610 1664 1248
2611 1696 1248
2612 1728 1248
2613 1760 1248
2614 1792 1248
2615 1824 1248
2616 1856 1248
2617 1888 1248
2618 1920 1248
2619 1952 1248
2620 1984 1248
2621 2016 1248
2622 0 1280
2623 32 1280
2624 64 1280
2625 96 1280
2626 128 1280
2627 160 1280
2628 192 1280
2629 224 1280
2630 256 1280
2631 288 1280
2632 320 1280
2633 352 1280
2634 384 1280
2635 416 1280
2636 448 1280
2637 480 1280
2638 512 1280
2639 544 1280
2640 576 1280
2641 608 1280
2642 640 1280
2643 672 1280
2644 704 1280
2645 736 1280
2646 768 1280
2647 800 1280
2648 832 1280
2649 864 1280
2650 896 1280
2651 928 1280
2652 960 1280
2653 992 1280
2654 1024 1280
2655 1056 1280
2656 1088 1280
2657 1120 1280
2658 1152 1280
2659 1184 1280
2660 1216 1280
2661 1248 1280
2662 1280 1280
2663 1312 1280
2664 1344 1280
2665 1376 1280
2666 1408 1280
2667 1440 1280
2668 1472 1280
2669 1504 1280
2670 1536 1280
2671 1568 1280
2672 1600 1280
2673 1632 1280
2674 1664 1280
2675 1696 1280
2676 1728 1280
2677 1760 1280
2678 1792 1280
2679 1824 1280
2680 1856 1280
2681 1888 1280
2682 1920 1280
2683 1952 1280
2684 1984 1280
2685 2016 1280
2686 0 1312
2687 32 1312
2688 64 1312
2689 96 1312
2690 128 1312
2691 160 1312
2692 192 1312
2693 224 1312
2694 256 1312
2695 288 1312
2696 320 1312
2697 352 1312
2698 384 1312
2699 416 1312
2700 448 1312
2701 480 1312
2702 512 1312
2703 544 1312
2704 576 1312
2705 608 1312
2706 640 1312
2707 672 1312
2708 704 1312
2709 736 1312
2710 768 1312
2711 800 1312
2712 832 1312
2713 864 1312
2714 896 1312
2715 928 1312
2716 960 1312
2717 992 1312
2718 1024 1312
2719 1056 1312
2720 1088 1312
2721 1120 1312
2722 1152 1312
2723 1184 1312
2724 1216 1312
2725 1248 1312
2726 1280 1312
2727 1312 1312
2728 1344 1312
2729 1376 1312
2730 1408 1312
2731 1440 1312
2732 1472 1312
2733 1504 1312
2734 1536 1312
2735 1568 1312
2736 1600 1312
2737 1632 1312
2738 1664 1312
2739 1696 1312
2740 1728 1312
2741 1760 1312
2742 1792 1312
2743 1824 1312
2744 1856 1312
2745 1888 1312
2746 1920 1312
2747 1952 1312
2748 1984 1312
2749 2016 1312
2750 0 1344
2751 32 1344
2752 64 1344
2753 96 1344
2754 128 1344
2755 160 1344
2756 192 1344
2757 224 1344
2758 256 1344
2759 288 1344
2760 320 1344
2761 352 1344
2762 384 1344
2763 416 1344
2764 448 1344
2765 480 1344
2766 512 1344
2767 544 1344
2768 576 1344
2769 608 1344
2770 640 1344
2771 672 1344
2772 704 1344
2773 736 1344
2774 768 1344
2775 800 1344
2776 832 1344
2777 864 1344
2778 896 1344
2779 928 1344
2780 960 1344
2781 992 1344
2782 1024 1344
2783 1056 1344
2784 1088 1344
2785 1120 1344
2786 1152 1344
2787 1184 1344
2788 1216 1344
2789 1248 1344
2790 1280 1344
2791 1312 1344
2792 1344 1344
2793 1376 1344
2794 1408 1344
2795 1440 1344
2796 1472 1344
2797 1504 1344
2798 1536 1344
2799 1568 1344
2800 1600 1344
2801 1632 1344
2802 1664 1344
2803 1696 1344
2804 1728 1344
2805 1760 1344
2806 1792 1344
2807 1824 1344
2808 1856 1344
2809 1888 1344
2810 1920 1344
2811 1952 1344
2812 1984 1344
2813 2016 1344
2814 0 1376
2815 32 1376
2816 64 1376
2817 96 1376
2818 128 1376
2819 160 1376
2820 192 1376
2821 224 1376
2822 256 1376
2823 288 1376
2824 320 1376
2825 352 1376
2826 384 1376
2827 416 1376
2828 448 1376
2829 480 1376
2830 512 1376
2831 544 1376
2832 576 1376
2833 608 1376
2834 640 1376
2835 672 1376
2836 704 1376
2837 736 1376
2838 768 1376
2839 800 1376
2840 832 1376
2841 864 1376
2842 896 1376
2843 928 1376
2844 960 1376
2845 992 1376
2846 1024 1376
2847 1056 1376
2848 1088 1376
2849 1120 1376
2850 1152 1376
2851 1184 1376
2852 1216 1376
2853 1248 1376
2854 1280 1376
2855 1312 1376
2856 1344 1376
2857 1376 1376
2858 1408 1376
2859 1440 1376
2860 1472 1376
2861 1504 1376
2862 1536 1376
2863 1568 1376
2864 1600 1376
2865 1632 1376
2866 1664 1376
2867 1696 1376
2868 1728 1376
2869 1760 1376
2870 1792 1376
2871 1824 1376
2872 1856 1376
2873 1888 1376
2874 1920 1376
2875 1952 1376
2876 1984 1376
2877 2016 1376
2878 0 1408
2879 32 1408
2880 64 1408
2881 96 1408
2882 128 1408
2883 160 1408
2884 192 1408
2885 224 1408
2886 256 1408
2887 288 1408
2888 320 1408
2889 352 1408
2890 384 1408
2891 416 1408
2892 448 1408
2893 480 1408
2894 512 1408
2895 544 1408
2896 576 1408
2897 608 1408
2898 640 1408
2899 672 1408
2900 704 1408
2901 736 1408
2902 768 1408
2903 800 1408
2904 832 1408
2905 864 1408
2906 896 1408
2907 928 1408
2908 960 1408
2909 992 1408
2910 1024 1408
2911 1056 1408
2912 1088 1408
2913 1120 1408
2914 1152 1408
2915 1184 1408
2916 1216 1408
2917 1248 1408
2918 1280 1408
2919 1312 1408
2920 1344 1408
2921 1376 1408
2922 1408 1408
2923 1440 1408
2924 1472 1408
2925 1504 1408
2926 1536 1408
2927 1568 1408
2928 1600 1408
2929 1632 1408
2930 1664 1408
2931 1696 1408
2932 1728 1408
2933 1760 1408
2934 1792 1408
2935 1824 1408
2936 1856 1408
2937 1888 1408
2938 1920 1408
2939 1952 1408
2940 1984 1408
2941 2016 1408
2942 0 1440
2943 32 1440
2944 64 1440
2945 96 1440
2946 128 1440
2947 160 1440
2948 192 1440
2949 224 1440
2950 256 1440
2951 288 1440
2952 320 1440
2953 352 1440
2954 384 1440
2955 416 1440
2956 448 1440
2957 480 1440
2958 512 1440
2959 544 1440
2960 576 1440
2961 608 1440
2962 640 1440
2963 672 1440
2964 704 1440
2965 736 1440
2966 768 1440
2967 800 1440
2968 832 1440
2969 864 1440
2970 896 1440
2971 928 1440
2972 960 1440
2973 992 1440
2974 1024 1440
2975 1056 1440
2976 1088 1440
2977 1120 1440
2978 1152 1440
2979 1184 1440
2980 1216 1440
2981 1248 1440
2982 1280 1440
2983 1312 1440
2984 1344 1440
2985 1376 1440
2986 1408 1440
2987 1440 1440
2988 1472 1440
2989 1504 1440
2990 1536 1440
2991 1568 1440
2992 1600 1440
2993 1632 1440
2994 1664 1440
2995 1696 1440
2996 1728 1440
2997 1760 1440
2998 1792 1440
2999 1824 1440
3000 1856 1440
3001 1888 1440
3002 1920 1440
3003 1952 1440
3004 1984 1440
3005 2016 1440
3006 0 1472
3007 32 1472
3008 64 1472
3009 96 1472
3010 128 1472
3011 160 1472
3012 192 1472
3013 224 1472
3014 256 1472
3015 288 1472
3016 320 1472
3017 352 1472
3018 384 1472
3019 416 1472
3020 448 1472
3021 480 1472
3022 512 1472
3023 544 1472
3024 576 1472
3025 608 1472
3026 640 1472
3027 672 1472
3028 704 1472
3029 736 1472
3030 768 1472
3031 800 1472
3032 832 1472
3033 864 1472
3034 896 1472
3035 928 1472
3036 960 1472
3037 992 1472
3038 1024 1472
3039 1056 1472
3040 1088 1472
3041 1120 1472
3042 1152 1472
3043 1184 1472
3044 1216 1472
3045 1248 1472
3046 1280 1472
3047 1312 1472
3048 1344 1472
3049 1376 1472
3050 1408 1472
3051 1440 1472
3052 1472 1472
3053 1504 1472
3054 1536 1472
3055 1568 1472
3056 1600 1472
3057 1632 1472
3058 1664 1472
3059 1696 1472
3060 1728 1472
3061 1760 1472
3062 1792 1472
3063 1824 1472
3064 1856 1472
3065 1888 1472
3066 1920 1472
3067 1952 1472
3068 1984 1472
3069 2016 1472
3070 0 1504
3071 32 1504
3072 64 1504
3073 96 1504
3074 128 1504
3075 160 1504
3076 192 1504
3077 224 1504
3078 256 1504
3079 288 1504
3080 320 1504
3081 352 1504
3082 384 1504
3083 416 1504
3084 448 1504
3085 480 1504
3086 512 1504
3087 544 1504
3088 576 1504
3089 608 1504
3090 640 1504
3091 672 1504
3092 704 1504
3093 736 1504
3094 768 1504
3095 800 1504
3096 832 1504
3097 864 1504
3098 896 1504
3099 928 1504
3100 960 1504
3101 992 1504
3102 1024 1504
3103 1056 1504
3104 1088 1504
3105 1120 1504
3106 1152 1504
3107 1184 1504
3108 1216 1504
3109 1248 1504
3110 1280 1504
3111 1312 1504
3112 1344 1504
3113 1376 1504
3114 1408 1504
3115 1440 1504
3116 1472 1504
3117 1504 1504
3118 1536 1504
3119 1568 1504
3120 1600 1504
3121 1632 1504
3122 1664 1504
3123 1696 1504
3124 1728 1504
3125 1760 1504
3126 1792 1504
3127 1824 1504
3128 1856 1504
3129 1888 1504
3130 1920 1504
3131 1952 1504
3132 1984 1504
3133 2016 1504
3134 0 1536
3135 32 1536
3136 64 1536
3137 96 1536
3138 128 1536
3139 160 1536
3140 192 1536
3141 224 1536
3142 256 1536
3143 288 1536
3144 320 1536
3145 352 1536
3146 384 1536
3147 416 1536
3148 448 1536
3149 480 1536
3150 512 1536
3151 544 1536
3152 576 1536
3153 608 1536
3154 640 1536
3155 672 1536
3156 704 1536
3157 736 1536
3158 768 1536
3159 800 1536
3160 832 1536
3161 864 1536
3162 896 1536
3163 928 1536
3164 960 1536
3165 992 1536
3166 1024 1536
3167 1056 1536
3168 1088 1536
3169 1120 1536
3170 1152 1536
3171 1184 1536
3172 1216 1536
3173 1248 1536
3174 1280 1536
3175 1312 1536
3176 1344 1536
3177 1376 1536
3178 1408 1536
3179 1440 1536
3180 1472 1536
3181 1504 1536
3182 1536 1536
3183 1568 1536
3184 1600 1536
3185 1632 1536
3186 1664 1536
3187 1696 1536
3188 1728 1536
3189 1760 1536
3190 1792 1536
3191 1824 1536
3192 1856 1536
3193 1888 1536
3194 1920 1536
3195 1952 1536
3196 1984 1536
3197 2016 1536
3198 0 1568
3199 32 1568
3200 64 1568
3201 96 1568
3202 128 1568
3203 160 1568
3204 192 1568
3205 224 1568
3206 256 1568
3207 288 1568
3208 320 1568
3209 352 1568
3210 384 1568
3211 416 1568
3212 448 1568
3213 480 1568
3214 512 1568
3215 544 1568
3216 576 1568
3217 608 1568
3218 640 1568
3219 672 1568
3220 704 1568
3221 736 1568
3222 768 1568
3223 800 1568
3224 832 1568
3225 864 1568
3226 896 1568
3227 928 1568
3228 960 1568
3229 992 1568
3230 1024 1568
3231 1056 1568
3232 1088 1568
3233 1120 1568
3234 1152 1568
3235 1184 1568
3236 1216 1568
3237 1248 1568
3238 1280 1568
3239 1312 1568
3240 1344 1568
3241 1376 1568
3242 1408 1568
3243 1440 1568
3244 1472 1568
3245 1504 1568
3246 1536 1568
3247 1568 1568
3248 1600 1568
3249 1632 1568
3250 1664 1568
3251 1696 1568
3252 1728 1568
3253 1760 1568
3254 1792 1568
3255 1824 1568
3256 1856 1568
3257 1888 1568
3258 1920 1568
3259 1952 1568
3260 1984 1568
3261 2016 1568
3262 0 1600
3263 32 1600
3264 64 1600
3265 96 1600
3266 128 1600
3267 160 1600
3268 192 1600
3269 224 1600
3270 256 1600
3271 288 1600
3272 320 1600
3273 352 1600
3274 384 1600
3275 416 1600
3276 448 1600
3277 480 1600
3278 512 1600
3279 544 1600
3280 576 1600
3281 608 1600
3282 640 1600
3283 672 1600
3284 704 1600
3285 736 1600
3286 768 1600
3287 800 1600
3288 832 1600
3289 864 1600
3290 896 1600
3291 928 1600
3292 960 1600
3293 992 1600
3294 1024 1600
3295 1056 1600
3296 1088 1600
3297 1120 1600
3298 1152 1600
3299 1184 1600
3300 1216 1600
3301 1248 1600
3302 1280 1600
3303 1312 1600
3304 1344 1600
3305 1376 1600
3306 1408 1600
3307 1440 1600
3308 1472 1600
3309 1504 1600
3310 1536 1600
3311 1568 1600
3312 1600 1600
3313 1632 1600
3314 1664 1600
3315 1696 1600
3316 1728 1600
3317 1760 1600
3318 1792 1600
3319 1824 1600
3320 1856 1600
3321 1888 1600
3322 1920 1600
3323 1952 1600
3324 1984 1600
3325 2016 1600
3326 0 1632
3327 32 1632
3328 64 1632
3329 96 1632
3330 128 1632
3331 160 1632
3332 192 1632
3333 224 1632
3334 256 1632
3335 288 1632
3336 320 1632
3337 352 1632
3338 384 1632
3339 416 1632
3340 448 1632
3341 480 1632
3342 512 1632
3343 544 1632
3344 576 1632
3345 608 1632
3346 640 1632
3347 672 1632
3348 704 1632
3349 736 1632
3350 768 1632
3351 800 1632
3352 832 1632
3353 864 1632
3354 896 1632
3355 928 1632
3356 960 1632
3357 992 1632
3358 1024 1632
3359 1056 1632
3360 1088 1632
3361 1120 1632
3362 1152 1632
3363 1184 1632
3364 1216 1632
3365 1248 1632
3366 1280 1632
3367 1312 1632
3368 1344 1632
3369 1376 1632
3370 1408 1632
3371 1440 1632
3372 1472 1632
3373 1504 1632
3374 1536 1632
3375 1568 1632
3376 1600 1632
3377 1632 1632
3378 1664 1632
3379 1696 1632
3380 1728 1632
3381 1760 1632
3382 1792 1632
3383 1824 1632
3384 1856 1632
3385 1888 1632
3386 1920 1632
3387 1952 1632
3388 1984 1632
3389 2016 1632
3390 0 1664
3391 32 1664
3392 64 1664
3393 96 1664
3394 128 1664
3395 160 1664
3396 192 1664
3397 224 1664
3398 256 1664
3399 288 1664
3400 320 1664
3401 352 1664
3402 384 1664
3403 416 1664
3404 448 1664
3405 480 1664
3406 512 1664
3407 544 1664
3408 576 1664
3409 608 1664
3410 640 1664
3411 672 1664
3412 704 1664
3413 736 1664
3414 768 1664
3415 800 1664
3416 832 1664
3417 864 1664
3418 896 1664
3419 928 1664
3420 960 1664
3421 992 1664
3422 1024 1664
3423 1056 1664
3424 1088 1664
3425 1120 1664
3426 1152 1664
3427 1184 1664
3428 1216 1664
3429 1248 1664
3430 1280 1664
3431 1312 1664
3432 1344 1664
3433 1376 1664
3434 1408 1664
3435 1440 1664
3436 1472 1664
3437 1504 1664
3438 1536 1664
3439 1568 1664
3440 1600 1664
3441 1632 1664
3442 1664 1664
3443 1696 1664
3444 1728 1664
3445 1760 1664
3446 1792 1664
3447 1824 1664
3448 1856 1664
3449 1888 1664
3450 1920 1664
3451 1952 1664
3452 1984 1664
3453 2016 1664
3454 0 1696
3455 32 1696
3456 64 1696
3457 96 1696
3458 128 1696
3459 160 1696
3460 192 1696
3461 224 1696
3462 256 1696
3463 288 1696
3464 320 1696
3465 352 1696
3466 384 1696
3467 416 1696
3468 448 1696
3469 480 1696
3470 512 1696
3471 544 1696
3472 576 1696
3473 608 1696
3474 640 1696
3475 672 1696
3476 704 1696
3477 736 1696
3478 768 1696
3479 800 1696
3480 832 1696
3481 864 1696
3482 896 1696
3483 928 1696
3484 960 1696
3485 992 1696
3486 1024 1696
3487 1056 1696
3488 1088 1696
3489 1120 1696
3490 1152 1696
3491 1184 1696
3492 1216 1696
3493 1248 1696
3494 1280 1696
3495 1312 1696
3496 1344 1696
3497 1376 1696
3498 1408 1696
3499 1440 1696
3500 1472 1696
3501 1504 1696
3502 1536 1696
3503 1568 1696
3504 1600 1696
3505 1632 1696
3506 1664 1696
3507 1696 1696
3508 1728 1696
3509 1760 1696
3510 1792 1696
3511 1824 1696
3512 1856 1696
3513 1888 1696
3514 1920 1696
3515 1952 1696
3516 1984 1696
3517 2016 1696
3518 0 1728
3519 32 1728
3520 64 1728
3521 96 1728
3522 128 1728
3523 160 1728
3524 192 1728
3525 224 1728
3526 256 1728
3527 288 1728
3528 320 1728
3529 352 1728
3530 384 1728
3531 416 1728
3532 448 1728
3533 480 1728
3534 512 1728
3535 544 1728
3536 576 1728
3537 608 1728
3538 640 1728
3539 672 1728
3540 704 1728
3541 736 1728
3542 768 1728
3543 800 1728
3544 832 1728
3545 864 1728
3546 896 1728
3547 928 1728
3548 960 1728
3549 992 1728
3550 1024 1728
3551 1056 1728
3552 1088 1728
3553 1120 1728
3554 1152 1728
3555 1184 1728
3556 1216 1728
3557 1248 1728
3558 1280 1728
3560 1312 1728
3561 1344 1728
3562 1376 1728
3563 1408 1728
3564 1440 1728
3566 1472 1728
3567 1504 1728
3568 1536 1728
3569 1568 1728
3570 1600 1728
3571 1632 1728
3572 1664 1728
3573 1696 1728
3574 1728 1728
3576 1760 1728
3577 1792 1728
3578 1824 1728
3579 1856 1728
3580 1888 1728
3581 1920 1728
3582 1952 1728
3583 1984 1728
3584 2016 1728
3585 0 1760
3587 32 1760
3588 64 1760
3589 96 1760
3590 128 1760
3591 160 1760
3592 192 1760
3593 224 1760
3594 256 1760
3595 288 1760
3596 320 1760
3597 352 1760
3598 384 1760
3599 416 1760
3600 448 1760
3601 480 1760
3602 512 1760
3603 544 1760
3604 576 1760
3605 608 1760
3606 640 1760
3607 672 1760
3608 704 1760
3609 736 1760
3610 768 1760
3611 800 1760
3612 832 1760
3613 864 1760
3614 896 1760
3615 928 1760
3616 960 1760
3617 992 1760
3618 1024 1760
3619 1056 1760
3620 1088 1760
3621 1120 1760
3624 1152 1760
3625 1184 1760
3626 1216 1760
3627 1248 1760
3628 1280 1760
3629 1312 1760
3630 1344 1760
3631 1376 1760
3632 1408 1760
3633 1440 1760
3634 1472 1760
3635 1504 1760
3636 1536 1760
3637 1568 1760
3638 1600 1760
3639 1632 1760
3640 1664 1760
3641 1696 1760
3642 1728 1760
3643 1760 1760
3644 1792 1760
3645 1824 1760
3646 1856 1760
3647 1888 1760
3648 1920 1760
3649 1952 1760
3650 1984 1760
3651 2016 1760
3652 0 1792
3653 32 1792
3654 64 1792
3655 96 1792
3656 128 1792
3657 160 1792
3658 192 1792
3659 224 1792
3660 256 1792
3661 288 1792
3662 320 1792
3663 352 1792
3664 384 1792
3665 416 1792
3666 448 1792
3667 480 1792
3668 512 1792
3669 544 1792
3670 576 1792
3671 608 1792
3672 640 1792
3673 672 1792
3674 704 1792
3675 736 1792
3676 768 1792
3677 800 1792
3678 832 1792
3679 864 1792
3680 896 1792
3681 928 1792
3682 960 1792
3683 992 1792
3684 1024 1792
3685 1056 1792
3686 1088 1792
3687 1120 1792
3688 1152 1792
3689 1184 1792
3690 1216 1792
3691 1248 1792
3692 1280 1792
3693 1312 1792
3694 1344 1792
3695 1376 1792
3696 1408 1792
3697 1440 1792
3698 1472 1792
3699 1504 1792
3700 1536 1792
3701 1568 1792
3702 1600 1792
3703 1632 1792
3704 1664 1792
3705 1696 1792
3706 1728 1792
3707 1760 1792
3708 1792 1792
3709 1824 1792
3710 1856 1792
3711 1888 1792
3712 1920 1792
3713 1952 1792
3714 1984 1792
3715 2016 1792
3716 0 1824
3717 32 1824
3718 64 1824
3719 96 1824
3720 128 1824
3721 160 1824
3722 192 1824
3723 224 1824
3724 256 1824
3725 288 1824
3726 320 1824
3727 352 1824
3728 384 1824
3729 416 1824
3730 448 1824
3731 480 1824
3732 512 1824
3733 544 1824
3734 576 1824
3735 608 1824
3736 640 1824
3737 672 1824
3738 704 1824
3739 736 1824
3740 768 1824
3741 800 1824
3742 832 1824
3743 864 1824
3744 896 1824
3745 928 1824
3746 960 1824
3747 992 1824
3748 1024 1824
3749 1056 1824
3750 1088 1824
3751 1120 1824
3752 1152 1824
3753 1184 1824
3754 1216 1824
3755 1248 1824
3756 1280 1824
3757 1312 1824
3758 1344 1824
3759 1376 1824
3760 1408 1824
3761 1440 1824
3762 1472 1824
3763 1504 1824
3764 1536 1824
3765 1568 1824
3766 1600 1824
3767 1632 1824
3768 1664 1824
3769 1696 1824
3770 1728 1824
3771 1760 1824
3772 1792 1824
3773 1824 1824
3774 1856 1824
3775 1888 1824
3776 1920 1824
3777 1952 1824
3778 1984 1824
3779 2016 1824
3780 0 1856
3781 32 1856
3782 64 1856
3783 96 1856
3784 128 1856
3785 160 1856
3786 192 1856
3787 224 1856
3788 256 1856
3789 288 1856
3790 320 1856
3791 352 1856
3792 384 1856
3793 416 1856
3794 448 1856
3795 480 1856
3796 512 1856
3797 544 1856
3798 576 1856
3799 608 1856
3800 640 1856
3801 672 1856
3802 704 1856
3803 736 1856
3804 768 1856
3805 800 1856
3806 832 1856
3807 864 1856
3808 896 1856
3809 928 1856
3810 960 1856
3811 992 1856
3812 1024 1856
3813 1056 1856
3814 1088 1856
3815 1120 1856
3816 1152 1856
3817 1184 1856
3818 1216 1856
3819 1248 1856
3820 1280 1856
3821 1312 1856
3822 1344 1856
3823 1376 1856
3824 1408 1856
3825 1440 1856
3826 1472 1856
3827 1504 1856
3828 1536 1856
3829 1568 1856
3830 1600 1856
3831 1632 1856
3832 1664 1856
3833 1696 1856
3834 1728 1856
3835 1760 1856
3836 1792 1856
3837 1824 1856
3838 1856 1856
3839 1888 1856
3840 1920 1856
3841 1952 1856
3842 1984 1856
3843 2016 1856
3844 0 1888
3845 32 1888
3846 64 1888
3847 96 1888
3848 128 1888
3849 160 1888
3850 192 1888
3851 224 1888
3852 256 1888
3853 288 1888
3854 320 1888
3855 352 1888
3856 384 1888
3857 416 1888
3858 448 1888
3859 480 1888
3860 512 1888
3861 544 1888
3862 576 1888
3863 608 1888
3864 640 1888
3865 672 1888
3866 704 1888
3867 736 1888
3868 768 1888
3869 800 1888
3870 832 1888
3871 864 1888
3872 896 1888
3873 928 1888
3874 960 1888
3875 992 1888
3876 1024 1888
3877 1056 1888
3878 1088 1888
3879 1120 1888
3880 1152 1888
3881 1184 1888
3882 1216 1888
3883 1248 1888
3884 1280 1888
3885 1312 1888
3886 1344 1888
3887 1376 1888
3888 1408 1888
3889 1440 1888
3890 1472 1888
3891 1504 1888
3892 1536 1888
3893 1568 1888
3894 1600 1888
3895 1632 1888
3896 1664 1888
3897 1696 1888
3898 1728 1888
3899 1760 1888
3900 1792 1888
3901 1824 1888
3902 1856 1888
3903 1888 1888
3904 1920 1888
3905 1952 1888
3906 1984 1888
3907 2016 1888
3908 0 1920
3909 32 1920
3910 64 1920
3911 96 1920
3912 128 1920
3913 160 1920
3914 192 1920
3915 224 1920
3916 256 1920
3918 288 1920
3919 320 1920
3921 352 1920
3922 384 1920
3923 416 1920
3924 448 1920
3927 480 1920
3929 512 1920
3930 544 1920
3931 576 1920
3932 608 1920
3933 640 1920
3934 672 1920
3935 704 1920
3936 736 1920
3937 768 1920
3938 800 1920
3939 832 1920
3940 864 1920
3941 896 1920
3942 928 1920
3943 960 1920
3944 992 1920
3945 1024 1920
3946 1056 1920
3947 1088 1920
3948 1120 1920
3949 1152 1920
3950 1184 1920
3951 1216 1920
3952 1248 1920
3953 1280 1920
3954 1312 1920
3955 1344 1920
3956 1376 1920
3957 1408 1920
3958 1440 1920
3959 1472 1920
3960 1504 1920
3961 1536 1920
3962 1568 1920
3963 1600 1920
3964 1632 1920
3965 1664 1920
3966 1696 1920
3967 1728 1920
3968 1760 1920
3969 1792 1920
3970 1824 1920
3971 1856 1920
3972 1888 1920
3973 1920 1920
3974 1952 1920
3975 1984 1920
3976 2016 1920
3977 0 1952
3978 32 1952
3979 64 1952
3980 96 1952
3981 128 1952
3982 160 1952
3983 192 1952
3984 224 1952
3985 256 1952
3986 288 1952
3987 320 1952
3988 352 1952
3989 384 1952
3990 416 1952
3994 448 1952
3996 480 1952
3997 512 1952
3998 544 1952
3999 576 1952
4000 608 1952
4001 640 1952
4002 672 1952
4003 704 1952
4004 736 1952
4005 768 1952
4006 800 1952
4007 832 1952
4008 864 1952
4009 896 1952
4010 928 1952
4011 960 1952
4012 992 1952
4013 1024 1952
4014 1056 1952
4015 1088 1952
4016 1120 1952
4017 1152 1952
4018 1184 1952
4019 1216 1952
4020 1248 1952
4021 1280 1952
4022 1312 1952
4023 1344 1952
4032 1376 1952
4033 1408 1952
4034 1440 1952
4035 1472 1952
4036 1504 1952
4037 1536 1952
4038 1568 1952
4039 1600 1952
4040 1632 1952
4041 1664 1952
4042 1696 1952
4043 1728 1952
4044 1760 1952
4045 1792 1952
4046 1824 1952
4047 1856 1952
4048 1888 1952
4049 1920 1952
4050 1952 1952
4051 1984 1952
4052 2016 1952
4053 0 1984
4054 32 1984
4055 64 1984
4056 96 1984
4057 128 1984
4058 160 1984
4059 192 1984
4060 224 1984
4061 256 1984
4062 288 1984
4063 320 1984
4064 352 1984
4065 384 1984
4066 416 1984
4067 448 1984
4068 480 1984
4069 512 1984
4070 544 1984
4071 576 1984
4072 608 1984
4073 640 1984
4074 672 1984
4075 704 1984
4076 736 1984
4077 768 1984
4078 800 1984
4079 832 1984
4080 864 1984
4081 896 1984
4082 928 1984
4083 960 1984
4084 992 1984
4085 1024 1984
4086 1056 1984
4087 1088 1984
4088 1120 1984
4089 1152 1984
4090 1184 1984
4091 1216 1984
4092 1248 1984
4093 1280 1984
4094 1312 1984
4095 1344 1984
4096 1376 1984
4097 1408 1984
4098 1440 1984
4099 1472 1984
4100 1504 1984
4101 1536 1984
4102 1568 1984
4103 1600 1984
4104 1632 1984
4105 1664 1984
4106 1696 1984
4107 1728 1984
4108 1760 1984
4109 1792 1984
4110 1824 1984
4111 1856 1984
4112 1888 1984
4113 1920 1984
4114 1952 1984
4115 1984 1984
4116 2016 1984
4117 0 2016
4118 32 2016
4119 64 2016
4120 96 2016
4121 128 2016
4122 160 2016
4123 192 2016
4124 224 2016
4125 256 2016
4126 288 2016
4127 320 2016
4128 352 2016
4129 384 2016
4130 416 2016
4131 448 2016
4132 480 2016
4133 512 2016
4134 544 2016
4135 576 2016
4136 608 2016
4137 640 2016
4138 672 2016
4139 704 2016
4140 736 2016
4141 768 2016
4142 800 2016
4143 832 2016
4144 864 2016
4145 896 2016
4146 928 2016
4147 960 2016
4148 992 2016
4149 1024 2016
4150 1056 2016
4151 1088 2016
4152 1120 2016
4153 1152 2016
4154 1184 2016
4155 1216 2016
4156 1248 2016
4157 1280 2016
4158 1312 2016
4159 1344 2016
4160 1376 2016
4161 1408 2016
4162 1440 2016
4163 1472 2016
4164 1504 2016
4165 1536 2016
4166 1568 2016
4167 1600 2016
4168 1632 2016
4169 1664 2016
4170 1696 2016
4171 1728 2016
4172 1760 2016
4173 1792 2016
4174 1824 2016
4175 1856 2016
4176 1888 2016
4177 1920 2016
4178 1952 2016
4179 1984 2016
4180 2016 2016
page 2 items_p2.dds 2048 2048 32
4181 0 0
4182 32 0
4183 64 0
4184 96 0
4185 128 0
4186 160 0
4187 192 0
4188 224 0
4189 256 0
4190 288 0
4191 320 0
4192 352 0
4193 384 0
4194 416 0
4195 448 0
4196 480 0
4197 512 0
4198 544 0
4199 576 0
4200 608 0
4201 640 0
4202 672 0
4203 704 0
4204 736 0
4205 768 0
4206 800 0
4207 832 0
4208 864 0
4209 896 0
4210 928 0
4211 960 0
4212 992 0
4213 1024 0
4214 1056 0
4215 1088 0
4216 1120 0
4217 1152 0
4218 1184 0
4219 1216 0
4220 1248 0
4221 1280 0
4222 1312 0
4223 1344 0
4224 1376 0
4225 1408 0
4226 1440 0
4227 1472 0
4228 1504 0
4229 1536 0
4230 1568 0
4231 1600 0
4232 1632 0
4233 1664 0
4234 1696 0
4235 1728 0
4236 1760 0
4237 1792 0
4238 1824 0
4239 1856 0
4240 1888 0
4241 1920 0
4243 1952 0
4244 1984 0
4245 2016 0
4246 0 32
4247 32 32
4248 64 32
4249 96 32
4250 128 32
4251 160 32
4252 192 32
4253 224 32
4254 256 32
4255 288 32
4256 320 32
4257 352 32
4258 384 32
4259 416 32
4260 448 32
4263 480 32
4264 512 32
4265 544 32
4266 576 32
4267 608 32
4268 640 32
4269 672 32
4270 704 32
4271 736 32
4272 768 32
4273 800 32
4274 832 32
4275 864 32
4276 896 32
4277 928 32
4278 960 32
4279 992 32
4280 1024 32
4281 1056 32
4282 1088 32
4283 1120 32
4284 1152 32
4285 1184 32
4286 1216 32
4287 1248 32
4288 1280 32
4289 1312 32
4290 1344 32
4291 1376 32
4292 1408 32
4293 1440 32
4294 1472 32
4295 1504 32
4296 1536 32
4297 1568 32
4298 1600 32
4299 1632 32
4300 1664 32
4301 1696 32
4302 1728 32
4303 1760 32
4304 1792 32
4305 1824 32
4306 1856 32
4307 1888 32
4308 1920 32
4309 1952 32
4310 1984 32
4311 2016 32
4312 0 64
4313 32 64
4314 64 64
4315 96 64
4316 128 64
4317 160 64
4318 192 64
4319 224 64
4320 256 64
4321 288 64
4322 320 64
4323 352 64
4324 384 64
4325 416 64
4326 448 64
4327 480 64
4328 512 64
4329 544 64
4330 576 64
4331 608 64
4332 640 64
4333 672 64
4334 704 64
4335 736 64
4336 768 64
4337 800 64
4338 832 64
4339 864 64
4340 896 64
4341 928 64
4342 960 64
4343 992 64
4344 1024 64
4345 1056 64
4346 1088 64
4347 1120 64
4348 1152 64
4349 1184 64
4350 1216 64
4351 1248 64
4352 1280 64
4353 1312 64
4354 1344 64
4355 1376 64
4356 1408 64
4357 1440 64
4358 1472 64
4359 1504 64
4360 1536 64
4361 1568 64
4362 1600 64
4363 1632 64
4364 1664 64
4365 1696 64
4366 1728 64
4367 1760 64
4368 1792 64
4369 1824 64
4370 1856 64
4371 1888 64
4372 1920 64
4373 1952 64
4374 1984 64
4375 2016 64
4376 0 96
4377 32 96
4378 64 96
4379 96 96
4380 128 96
4381 160 96
4382 192 96
4383 224 96
4384 256 96
4385 288 96
4386 320 96
4387 352 96
4388 384 96
4389 416 96
4390 448 96
4391 480 96
4392 512 96
4393 544 96
4394 576 96
4395 608 96
4396 640 96
4397 672 96
4398 704 96
4399 736 96
4400 768 96
4401 800 96
4402 832 96
4403 864 96
4404 896 96
4405 928 96
4406 960 96
4407 992 96
4408 1024 96
4409 1056 96
4410 1088 96
4411 1120 96
4412 1152 96
4413 1184 96
4414 1216 96
4415 1248 96
4416 1280 96
4417 1312 96
4418 1344 96
4419 1376 96
4420 1408 96
4421 1440 96
4422 1472 96
4423 1504 96
4424 1536 96
4425 1568 96
4426 1600 96
4427 1632 96
4428 1664 96
4429 1696 96
4430 1728 96
4431 1760 96
4432 1792 96
4433 1824 96
4434 1856 96
4435 1888 96
4436 1920 96
4437 1952 96
4438 1984 96
4439 2016 96
4440 0 128
4441 32 128
4442 64 128
4443 96 128
4444 128 128
4445 160 128
4446 192 128
4447 224 128
4448 256 128
4449 288 128
4450 320 128
4451 352 128
4452 384 128
4453 416 128
4454 448 128
4455 480 128
4456 512 128
4457 544 128
4458 576 128
4459 608 128
4460 640 128
4461 672 128
4462 704 128
4463 736 128
4464 768 128
4465 800 128
4466 832 128
4467 864 128
4468 896 128
4469 928 128
4470 960 128
4471 992 128
4472 1024 128
4473 1056 128
4474 1088 128
4475 1120 128
4476 1152 128
4477 1184 128
4478 1216 128
4479 1248 128
4480 1280 128
4481 1312 128
4482 1344 128
4483 1376 128
4484 1408 128
4485 1440 128
4486 1472 128
4487 1504 128
4488 1536 128
4489 1568 128
4490 1600 128
4491 1632 128
4492 1664 128
4493 1696 128
4494 1728 128
4495 1760 128
4496 1792 128
4497 1824 128
4498 1856 128
4499 1888 128
4500 1920 128
4501 1952 128
4502 1984 128
4503 2016 128
4504 0 160
4505 32 160
4506 64 160
4507 96 160
4508 128 160
4509 160 160
4510 192 160
4511 224 160
4512 256 160
4513 288 160
4514 320 160
4515 352 160
4516 384 160
4517 416 160
4518 448 160
4519 480 160
4520 512 160
4521 544 160
4522 576 160
4523 608 160
4524 640 160
4525 672 160
4526 704 160
4527 736 160
4528 768 160
4529 800 160
4530 832 160
4531 864 160
4532 896 160
4533 928 160
4534 960 160
4535 992 160
4536 1024 160
4537 1056 160
4538 1088 160
4539 1120 160
4540 1152 160
4541 1184 160
4542 1216 160
4543 1248 160
4544 1280 160
4545 1312 160
4546 1344 160
4547 1376 160
4548 1408 160
4549 1440 160
4550 1472 160
4551 1504 160
4552 1536 160
4553 1568 160
4554 1600 160
4555 1632 160
4556 1664 160
4557 1696 160
4558 1728 160
4559 1760 160
4560 1792 160
4561 1824 160
4562 1856 160
4563 1888 160
4564 1920 160
4565 1952 160
4566 1984 160
4567 2016 160
4568 0 192
4569 32 192
4570 64 192
4571 96 192
4572 128 192
4573 160 192
4574 192 192
4575 224 192
4576 256 192
4577 288 192
4579 320 192
4581 352 192
4582 384 192
4583 416 192
4585 448 192
4586 480 192
4587 512 192
4588 544 192
4589 576 192
4590 608 192
4591 640 192
4592 672 192
4593 704 192
4594 736 192
4595 768 192
4596 800 192
4597 832 192
4598 864 192
4599 896 192
4600 928 192
4601 960 192
4602 992 192
4603 1024 192
4604 1056 192
4605 1088 192
4606 1120 192
4607 1152 192
4609 1184 192
4610 1216 192
4611 1248 192
4612 1280 192
4613 1312 192
4614 1344 192
4615 1376 192
4616 1408 192
4617 1440 192
4618 1472 192
4619 1504 192
4620 1536 192
4621 1568 192
4622 1600 192
4623 1632 192
4624 1664 192
4625 1696 192
4626 1728 192
4627 1760 192
4628 1792 192
4629 1824 192
4630 1856 192
4631 1888 192
4632 1920 192
4633 1952 192
4634 1984 192
4635 2016 192
4636 0 224
4637 32 224
4638 64 224
4639 96 224
4640 128 224
4641 160 224
4642 192 224
4643 224 224
4644 256 224
4645 288 224
4646 320 224
4647 352 224
4648 384 224
4649 416 224
4650 448 224
4651 480 224
4652 512 224
4653 544 224
4654 576 224
4655 608 224
4656 640 224
4657 672 224
4658 704 224
4659 736 224
4660 768 224
4661 800 224
4662 832 224
4663 864 224
4664 896 224
4665 928 224
4666 960 224
4667 992 224
4668 1024 224
4669 1056 224
4670 1088 224
4671 1120 224
4672 1152 224
4673 1184 224
4674 1216 224
4675 1248 224
4676 1280 224
4677 1312 224
4678 1344 224
4679 1376 224
4680 1408 224
4681 1440 224
4682 1472 224
4683 1504 224
4684 1536 224
4685 1568 224
4686 1600 224
4687 1632 224
4688 1664 224
4689 1696 224
4690 1728 224
4691 1760 224
4692 1792 224
4693 1824 224
4694 1856 224
4695 1888 224
4696 1920 224
4697 1952 224
4698 1984 224
4699 2016 224
4700 0 256
4701 32 256
4702 64 256
4703 96 256
4704 128 256
4705 160 256
4706 192 256
4707 224 256
4708 256 256
4709 288 256
4710 320 256
4711 352 256
4712 384 256
4713 416 256
4714 448 256
4715 480 256
4716 512 256
4717 544 256
4718 576 256
4719 608 256
4720 640 256
4721 672 256
4722 704 256
4723 736 256
4724 768 256
4725 800 256
4726 832 256
4727 864 256
4728 896 256
4729 928 256
4730 960 256
4731 992 256
4732 1024 256
4733 1056 256
4734 1088 256
4735 1120 256
4736 1152 256
4737 1184 256
4738 1216 256
4739 1248 256
4740 1280 256
4741 1312 256
4742 1344 256
4743 1376 256
4744 1408 256
4745 1440 256
4746 1472 256
4747 1504 256
4748 1536 256
4749 1568 256
4750 1600 256
4751 1632 256
4752 1664 256
4753 1696 256
4754 1728 256
4755 1760 256
4756 1792 256
4757 1824 256
4758 1856 256
4759 1888 256
4760 1920 256
4761 1952 256
4762 1984 256
4763 2016 256
4764 0 288
4765 32 288
4766 64 288
4767 96 288
4768 128 288
4769 160 288
4770 192 288
4771 224 288
4772 256 288
4773 288 288
4774 320 288
4775 352 288
4776 384 288
4777 416 288
4778 448 288
4779 480 288
4780 512 288
4781 544 288
4782 576 288
4783 608 288
4784 640 288
4785 672 288
4786 704 288
4787 736 288
4788 768 288
4789 800 288
4790 832 288
4791 864 288
4796 896 288
4797 928 288
4798 960 288
4799 992 288
4800 1024 288
4801 1056 288
4802 1088 288
4803 1120 288
4804 1152 288
4805 1184 288
4806 1216 288
4807 1248 288
4808 1280 288
4809 1312 288
4810 1344 288
4811 1376 288
4812 1408 288
4813 1440 288
4814 1472 288
4815 1504 288
4816 1536 288
4817 1568 288
4818 1600 288
4819 1632 288
4820 1664 288
4821 1696 288
4822 1728 288
4823 1760 288
4824 1792 288
4825 1824 288
4826 1856 288
4827 1888 288
4828 1920 288
4829 1952 288
4830 1984 288
4831 2016 288
4832 0 320
4833 32 320
4834 64 320
4835 96 320
4836 128 320
4837 160 320
4838 192 320
4839 224 320
4840 256 320
4841 288 320
4842 320 320
4843 352 320
4844 384 320
4845 416 320
4846 448 320
4847 480 320
4848 512 320
4849 544 320
4850 576 320
4851 608 320
4852 640 320
4853 672 320
4854 704 320
4855 736 320
4856 768 320
4857 800 320
4858 832 320
4859 864 320
4860 896 320
4861 928 320
4862 960 320
4863 992 320
4864 1024 320
4865 1056 320
4866 1088 320
4867 1120 320
4868 1152 320
4869 1184 320
4870 1216 320
4871 1248 320
4872 1280 320
4873 1312 320
4874 1344 320
4875 1376 320
4876 1408 320
4877 1440 320
4878 1472 320
4879 1504 320
4880 1536 320
4881 1568 320
4882 1600 320
4883 1632 320
4884 1664 320
4885 1696 320
4886 1728 320
4887 1760 320
4888 1792 320
4889 1824 320
4890 1856 320
4891 1888 320
4892 1920 320
4893 1952 320
4894 1984 320
4895 2016 320
4896 0 352
4897 32 352
4898 64 352
4899 96 352
4900 128 352
4901 160 352
4902 192 352
4903 224 352
4904 256 352
4905 288 352
4906 320 352
4907 352 352
4908 384 352
4909 416 352
4910 448 352
4911 480 352
4912 512 352
4913 544 352
4914 576 352
4915 608 352
4916 640 352
4917 672 352
4918 704 352
4919 736 352
4920 768 352
4921 800 352
4922 832 352
4923 864 352
4924 896 352
4925 928 352
4926 960 352
4927 992 352
4928 1024 352
4929 1056 352
4930 1088 352
4931 1120 352
4932 1152 352
4933 1184 352
4934 1216 352
4935 1248 352
4936 1280 352
4937 1312 352
4938 1344 352
4939 1376 352
4940 1408 352
4941 1440 352
4942 1472 352
4943 1504 352
4944 1536 352
4945 1568 352
4946 1600 352
4947 1632 352
4948 1664 352
4949 1696 352
4950 1728 352
4951 1760 352
4952 1792 352
4953 1824 352
4954 1856 352
4955 1888 352
4956 1920 352
4957 1952 352
4958 1984 352
4959 2016 352
4960 0 384
4961 32 384
4962 64 384
4963 96 384
4964 128 384
4965 160 384
4966 192 384
4967 224 384
4968 256 384
4969 288 384
4970 320 384
4971 352 384
4972 384 384
4973 416 384
4974 448 384
4975 480 384
4976 512 384
4977 544 384
4978 576 384
4979 608 384
4980 640 384
4981 672 384
4982 704 384
4983 736 384
4984 768 384
4985 800 384
4986 832 384
4987 864 384
4988 896 384
4989 928 384
4990 960 384
4991 992 384
4992 1024 384
4993 1056 384
4994 1088 384
4995 1120 384
4996 1152 384
4997 1184 384
4998 1216 384
4999 1248 384
5000 1280 384
5001 1312 384
5002 1344 384
5003 1376 384
5004 1408 384
5005 1440 384
5006 1472 384
5007 1504 384
5008 1536 384
5009 1568 384
5010 1600 384
5011 1632 384
5012 1664 384
5013 1696 384
5014 1728 384
5015 1760 384
5016 1792 384
5017 1824 384
5018 1856 384
5019 1888 384
5020 1920 384
5021 1952 384
5022 1984 384
5023 2016 384
5024 0 416
5025 32 416
5026 64 416
5027 96 416
5028 128 416
5029 160 416
5030 192 416
5031 224 416
5032 256 416
5033 288 416
5034 320 416
5035 352 416
5036 384 416
5037 416 416
5038 448 416
5039 480 416
5040 512 416
5041 544 416
5042 576 416
5043 608 416
5044 640 416
5045 672 416
5046 704 416
5047 736 416
5048 768 416
5049 800 416
5050 832 416
5051 864 416
5052 896 416
5053 928 416
5054 960 416
5055 992 416
5056 1024 416
5057 1056 416
5058 1088 416
5059 1120 416
5060 1152 416
5061 1184 416
5062 1216 416
5063 1248 416
5064 1280 416
5065 1312 416
5066 1344 416
5067 1376 416
5068 1408 416
5069 1440 416
5070 1472 416
5071 1504 416
5072 1536 416
5073 1568 416
5074 1600 416
5075 1632 416
5076 1664 416
5077 1696 416
5078 1728 416
5079 1760 416
5080 1792 416
5081 1824 416
5082 1856 416
5083 1888 416
5084 1920 416
5085 1952 416
5086 1984 416
5087 2016 416
5088 0 448
5089 32 448
5090 64 448
5091 96 448
5092 128 448
5093 160 448
5094 192 448
5095 224 448
5096 256 448
5097 288 448
5098 320 448
5099 352 448
5100 384 448
5101 416 448
5102 448 448
5103 480 448
5104 512 448
5105 544 448
5106 576 448
5107 608 448
5108 640 448
5109 672 448
5110 704 448
5111 736 448
5112 768 448
5113 800 448
5114 832 448
5115 864 448
5116 896 448
5117 928 448
5118 960 448
5119 992 448
5120 1024 448
5121 1056 448
5122 1088 448
5123 1120 448
5124 1152 448
5125 1184 448
5126 1216 448
5127 1248 448
5128 1280 448
5129 1312 448
5130 1344 448
5131 1376 448
5132 1408 448
5133 1440 448
5134 1472 448
5135 1504 448
5136 1536 448
5137 1568 448
5138 1600 448
5139 1632 448
5140 1664 448
5141 1696 448
5142 1728 448
5143 1760 448
5144 1792 448
5145 1824 448
5146 1856 448
5147 1888 448
5148 1920 448
5149 1952 448
5150 1984 448
5151 2016 448
5152 0 480
5153 32 480
5154 64 480
5155 96 480
5156 128 480
5157 160 480
5158 192 480
5159 224 480
5160 256 480
5161 288 480
5162 320 480
5163 352 480
5164 384 480
5165 416 480
5166 448 480
5167 480 480
5168 512 480
5169 544 480
5170 576 480
5171 608 480
5172 640 480
5173 672 480
5174 704 480
5175 736 480
5176 768 480
5177 800 480
5178 832 480
5179 864 480
5180 896 480
5181 928 480
5182 960 480
5183 992 480
5184 1024 480
5185 1056 480
5186 1088 480
5187 1120 480
5188 1152 480
5189 1184 480
5190 1216 480
5191 1248 480
5192 1280 480
5193 1312 480
5194 1344 480
5195 1376 480
5196 1408 480
5197 1440 480
5198 1472 480
5199 1504 480
5200 1536 480
5201 1568 480
5202 1600 480
5203 1632 480
5204 1664 480
5205 1696 480
5206 1728 480
5207 1760 480
5208 1792 480
5209 1824 480
5210 1856 480
5211 1888 480
5212 1920 480
5213 1952 480
5214 1984 480
5215 2016 480
5216 0 512
5217 32 512
5218 64 512
5219 96 512
5220 128 512
5221 160 512
5222 192 512
5223 224 512
5224 256 512
5225 288 512
5226 320 512
5227 352 512
5228 384 512
5229 416 512
5230 448 512
5231 480 512
5232 512 512
5233 544 512
5234 576 512
5235 608 512
5236 640 512
5237 672 512
5238 704 512
5239 736 512
5240 768 512
5241 800 512
5242 832 512
5243 864 512
5244 896 512
5245 928 512
5246 960 512
5247 992 512
5248 1024 512
5249 1056 512
5250 1088 512
5251 1120 512
5252 1152 512
5253 1184 512
5254 1216 512
5255 1248 512
5256 1280 512
5257 1312 512
5258 1344 512
5259 1376 512
5260 1408 512
5261 1440 512
5262 1472 512
5263 1504 512
5264 1536 512
5265 1568 512
5266 1600 512
5267 1632 512
5268 1664 512
5269 1696 512
5270 1728 512
5271 1760 512
5272 1792 512
5273 1824 512
5274 1856 512
5275 1888 512
5276 1920 512
5277 1952 512
5278 1984 512
5279 2016 512
5280 0 544
5281 32 544
5282 64 544
5283 96 544
5284 128 544
5285 160 544
5286 192 544
5287 224 544
5288 256 544
5289 288 544
5290 320 544
5291 352 544
5292 384 544
5293 416 544
5295 448 544
5296 480 544
5297 512 544
5298 544 544
5300 576 544
5301 608 544
5303 640 544
5304 672 544
5305 704 544
5306 736 544
5307 768 544
5308 800 544
5309 832 544
5310 864 544
5311 896 544
5312 928 544
5313 960 544
5314 992 544
5315 1024 544
5316 1056 544
5317 1088 544
5318 1120 544
5319 1152 544
5320 1184 544
5321 1216 544
5324 1248 544
5325 1280 544
5326 1312 544
5327 1344 544
5329 1376 544
5330 1408 544
5331 1440 544
5332 1472 544
5333 1504 544
5334 1536 544
5335 1568 544
5337 1600 544
5338 1632 544
5339 1664 544
5340 1696 544
5341 1728 544
5342 1760 544
5343 1792 544
5344 1824 544
5345 1856 544
5346 1888 544
5347 1920 544
5348 1952 544
5349 1984 544
5350 2016 544
5351 0 576
5352 32 576
5353 64 576
5354 96 576
5355 128 576
5356 160 576
5357 192 576
5358 224 576
5359 256 576
5360 288 576
5361 320 576
5362 352 576
5363 384 576
5364 416 576
5365 448 576
5366 480 576
5367 512 576
5368 544 576
5369 576 576
5370 608 576
5371 640 576
5373 672 576
5374 704 576
5375 736 576
5376 768 576
5377 800 576
5378 832 576
5379 864 576
5380 896 576
5381 928 576
5382 960 576
5383 992 576
5384 1024 576
5385 1056 576
5386 1088 576
5387 1120 576
5388 1152 576
5389 1184 576
5390 1216 576
5391 1248 576
5392 1280 576
5393 1312 576
5394 1344 576
5395 1376 576
5396 1408 576
5397 1440 576
5398 1472 576
5399 1504 576
5400 1536 576
5402 1568 576
5403 1600 576
5404 1632 576
5405 1664 576
5406 1696 576
5407 1728 576
5408 1760 576
5409 1792 576
5410 1824 576
5411 1856 576
5412 1888 576
5413 1920 576
5414 1952 576
5415 1984 576
5416 2016 576
5417 0 608
5418 32 608
5419 64 608
5420 96 608
5421 128 608
5422 160 608
5423 192 608
5424 224 608
5425 256 608
5426 288 608
5427 320 608
5428 352 608
5429 384 608
5430 416 608
5431 448 608
5432 480 608
5433 512 608
5434 544 608
5435 576 608
5436 608 608
5437 640 608
5438 672 608
5439 704 608
5440 736 608
5441 768 608
5442 800 608
5443 832 608
5444 864 608
5445 896 608
5446 928 608
5447 960 608
5448 992 608
5449 1024 608
5450 1056 608
5451 1088 608
5452 1120 608
5453 1152 608
5454 1184 608
5455 1216 608
5456 1248 608
5457 1280 608
5458 1312 608
5459 1344 608
5461 1376 608
5462 1408 608
5463 1440 608
5464 1472 608
5465 1504 608
5466 1536 608
5467 1568 608
5468 1600 608
5469 1632 608
5470 1664 608
5471 1696 608
5472 1728 608
5473 1760 608
5474 1792 608
5475 1824 608
5476 1856 608
5477 1888 608
5478 1920 608
5480 1952 608
5481 1984 608
5482 2016 608
5483 0 640
5484 32 640
5485 64 640
5486 96 640
5487 128 640
5488 160 640
5489 192 640
5490 224 640
5491 256 640
5492 288 640
5493 320 640
5494 352 640
5495 384 640
5496 416 640
5497 448 640
5498 480 640
5499 512 640
5500 544 640
5501 576 640
5502 608 640
5503 640 640
5504 672 640
5505 704 640
5506 736 640
5507 768 640
5508 800 640
5509 832 640
5510 864 640
5511 896 640
5512 928 640
5513 960 640
5514 992 640
5515 1024 640
5516 1056 640
5517 1088 640
5518 1120 640
5519 1152 640
5520 1184 640
5521 1216 640
5522 1248 640
5523 1280 640
5524 1312 640
5525 1344 640
5526 1376 640
5527 1408 640
5528 1440 640
5529 1472 640
5530 1504 640
5531 1536 640
5532 1568 640
5533 1600 640
5534 1632 640
5535 1664 640
5536 1696 640
5537 1728 640
5538 1760 640
5539 1792 640
5540 1824 640
5541 1856 640
5542 1888 640
5543 1920 640
5544 1952 640
5545 1984 640
5546 2016 640
5547 0 672
5548 32 672
5549 64 672
5550 96 672
5551 128 672
5552 160 672
5553 192 672
5554 224 672
5555 256 672
5556 288 672
5557 320 672
5558 352 672
5559 384 672
5560 416 672
5561 448 672
5562 480 672
5563 512 672
5564 544 672
5565 576 672
5566 608 672
5567 640 672
5568 672 672
5569 704 672
5570 736 672
5571 768 672
5572 800 672
5573 832 672
5574 864 672
5575 896 672
5576 928 672
5577 960 672
5578 992 672
5579 1024 672
5580 1056 672
5581 1088 672
5582 1120 672
5583 1152 672
5584 1184 672
5585 1216 672
5586 1248 672
5587 1280 672
5588 1312 672
5589 1344 672
5590 1376 672
5591 1408 672
5592 1440 672
5593 1472 672
5594 1504 672
5595 1536 672
5596 1568 672
5597 1600 672
5598 1632 672
5599 1664 672
5600 1696 672
5601 1728 672
5602 1760 672
5603 1792 672
5604 1824 672
5605 1856 672
5606 1888 672
5607 1920 672
5608 1952 672
5609 1984 672
5610 2016 672
5611 0 704
5612 32 704
5613 64 704
5614 96 704
5615 128 704
5616 160 704
5617 192 704
5618 224 704
5619 256 704
5620 288 704
5621 320 704
5622 352 704
5623 384 704
5624 416 704
5625 448 704
5626 480 704
5627 512 704
5628 544 704
5629 576 704
5630 608 704
5631 640 704
5632 672 704
5633 704 704
5634 736 704
5635 768 704
5636 800 704
5637 832 704
5638 864 704
5639 896 704
5640 928 704
5641 960 704
5642 992 704
5643 1024 704
5644 1056 704
5645 1088 704
5646 1120 704
5647 1152 704
5648 1184 704
5649 1216 704
5650 1248 704
5653 1280 704
5655 1312 704
5656 1344 704
5657 1376 704
5658 1408 704
5661 1440 704
5663 1472 704
5667 1504 704
5668 1536 704
5669 1568 704
5670 1600 704
5671 1632 704
5672 1664 704
5673 1696 704
5674 1728 704
5675 1760 704
5676 1792 704
5677 1824 704
5678 1856 704
5679 1888 704
5680 1920 704
5681 1952 704
5682 1984 704
5683 2016 704
5684 0 736
5685 32 736
5686 64 736
5687 96 736
5688 128 736
5689 160 736
5690 192 736
5691 224 736
5692 256 736
5693 288 736
5694 320 736
5695 352 736
5696 384 736
5697 416 736
5698 448 736
5699 480 736
5700 512 736
5701 544 736
5702 576 736
5703 608 736
5704 640 736
5705 672 736
5706 704 736
5707 736 736
5708 768 736
5709 800 736
5710 832 736
5711 864 736
5712 896 736
5713 928 736
5714 960 736
5715 992 736
5716 1024 736
5717 1056 736
5718 1088 736
5719 1120 736
5720 1152 736
5721 1184 736
5722 1216 736
5723 1248 736
5724 1280 736
5725 1312 736
5726 1344 736
5727 1376 736
5728 1408 736
5729 1440 736
5730 1472 736
5731 1504 736
5732 1536 736
5733 1568 736
5734 1600 736
5735 1632 736
5736 1664 736
5737 1696 736
5738 1728 736
5739 1760 736
5740 1792 736
5741 1824 736
5742 1856 736
5743 1888 736
5745 1920 736
5746 1952 736
5747 1984 736
5748 2016 736
5749 0 768
5750 32 768
5751 64 768
5752 96 768
5753 128 768
5754 160 768
5755 192 768
5756 224 768
5757 256 768
5758 288 768
5759 320 768
5760 352 768
5761 384 768
5762 416 768
5763 448 768
5764 480 768
5765 512 768
5766 544 768
5767 576 768
5768 608 768
5769 640 768
5770 672 768
5771 704 768
5772 736 768
5773 768 768
5774 800 768
5775 832 768
5776 864 768
5777 896 768
5778 928 768
5779 960 768
5780 992 768
5781 1024 768
5782 1056 768
5783 1088 768
5784 1120 768
5785 1152 768
5786 1184 768
5787 1216 768
5788 1248 768
5789 1280 768
5790 1312 768
5791 1344 768
5792 1376 768
5793 1408 768
5794 1440 768
5795 1472 768
5796 1504 768
5797 1536 768
5798 1568 768
5799 1600 768
5800 1632 768
5801 1664 768
5802 1696 768
5803 1728 768
5804 1760 768
5805 1792 768
5806 1824 768
5807 1856 768
5808 1888 768
5809 1920 768
5811 1952 768
5812 1984 768
5813 2016 768
5814 0 800
5815 32 800
5816 64 800
5817 96 800
5818 128 800
5819 160 800
5820 192 800
5821 224 800
5822 256 800
5824 288 800
5825 320 800
5826 352 800
5827 384 800
5828 416 800
5829 448 800
5830 480 800
5831 512 800
5832 544 800
5833 576 800
5834 608 800
5835 640 800
5836 672 800
5837 704 800
5838 736 800
5840 768 800
5841 800 800
5842 832 800
5843 864 800
5844 896 800
5845 928 800
5846 960 800
5847 992 800
5848 1024 800
5849 1056 800
5850 1088 800
5851 1120 800
5852 1152 800
5853 1184 800
5854 1216 800
5855 1248 800
5856 1280 800
5857 1312 800
5858 1344 800
5859 1376 800
5860 1408 800
5861 1440 800
5862 1472 800
5863 1504 800
5864 1536 800
5865 1568 800
5867 1600 800
5868 1632 800
5869 1664 800
5870 1696 800
5871 1728 800
5872 1760 800
5873 1792 800
5874 1824 800
5875 1856 800
5876 1888 800
5877 1920 800
5878 1952 800
5879 1984 800
5880 2016 800
5881 0 832
5882 32 832
5883 64 832
5884 96 832
5885 128 832
5886 160 832
5887 192 832
5888 224 832
5889 256 832
5890 288 832
5891 320 832
5892 352 832
5893 384 832
5894 416 832
5895 448 832
5896 480 832
5897 512 832
5898 544 832
5899 576 832
5901 608 832
5902 640 832
5903 672 832
5906 704 832
5907 736 832
5909 768 832
5910 800 832
5911 832 832
5912 864 832
5915 896 832
5917 928 832
5919 960 832
5920 992 832
5923 1024 832
5924 1056 832
5925 1088 832
5926 1120 832
5927 1152 832
5928 1184 832
5929 1216 832
5930 1248 832
5931 1280 832
5932 1312 832
5934 1344 832
5935 1376 832
5936 1408 832
5937 1440 832
5938 1472 832
5939 1504 832
5940 1536 832
5941 1568 832
5942 1600 832
5943 1632 832
5944 1664 832
5945 1696 832
5946 1728 832
5947 1760 832
5948 1792 832
5949 1824 832
5950 1856 832
5951 1888 832
5952 1920 832
5953 1952 832
5954 1984 832
5958 2016 832
5959 0 864
5960 32 864
5961 64 864
5962 96 864
5963 128 864
5964 160 864
5965 192 864
5966 224 864
5967 256 864
5968 288 864
5969 320 864
5970 352 864
5971 384 864
5972 416 864
5973 448 864
5974 480 864
5975 512 864
5977 544 864
5978 576 864
5979 608 864
5980 640 864
5981 672 864
5982 704 864
5983 736 864
5984 768 864
5985 800 864
5986 832 864
5987 864 864
5988 896 864
5989 928 864
5990 960 864
5991 992 864
5992 1024 864
5993 1056 864
5994 1088 864
5995 1120 864
5997 1152 864
5998 1184 864
5999 1216 864
6001 1248 864
6002 1280 864
6003 1312 864
6004 1344 864
6005 1376 864
6006 1408 864
6007 1440 864
6008 1472 864
6009 1504 864
6010 1536 864
6011 1568 864
6012 1600 864
6013 1632 864
6014 1664 864
6015 1696 864
6016 1728 864
6017 1760 864
6018 1792 864
6019 1824 864
6020 1856 864
6021 1888 864
6022 1920 864
6023 1952 864
6024 1984 864
6025 2016 864
6026 0 896
6027 32 896
6028 64 896
6029 96 896
6030 128 896
6031 160 896
6032 192 896
6033 224 896
6034 256 896
6035 288 896
6036 320 896
6037 352 896
6038 384 896
6039 416 896
6040 448 896
6041 480 896
6042 512 896
6043 544 896
6044 576 896
6045 608 896
6046 640 896
6047 672 896
6048 704 896
6049 736 896
6050 768 896
6051 800 896
6052 832 896
6053 864 896
6054 896 896
6055 928 896
6056 960 896
6057 992 896
6058 1024 896
6059 1056 896
6060 1088 896
6061 1120 896
6062 1152 896
6063 1184 896
6064 1216 896
6065 1248 896
6066 1280 896
6067 1312 896
6068 1344 896
6069 1376 896
6070 1408 896
6071 1440 896
6072 1472 896
6073 1504 896
6074 1536 896
6075 1568 896
6076 1600 896
6077 1632 896
6078 1664 896
6079 1696 896
6080 1728 896
6081 1760 896
6082 1792 896
6083 1824 896
6084 1856 896
6085 1888 896
6086 1920 896
6087 1952 896
6088 1984 896
6089 2016 896
6090 0 928
6091 32 928
6092 64 928
6093 96 928
6094 128 928
6095 160 928
6096 192 928
6098 224 928
6100 256 928
6101 288 928
6102 320 928
6103 352 928
6104 384 928
6105 416 928
6106 448 928
6107 480 928
6108 512 928
6109 544 928
6110 576 928
6111 608 928
6112 640 928
6113 672 928
6114 704 928
6115 736 928
6116 768 928
6117 800 928
6118 832 928
6119 864 928
6120 896 928
6121 928 928
6122 960 928
6123 992 928
6124 1024 928
6125 1056 928
6127 1088 928
6128 1120 928
6129 1152 928
6130 1184 928
6131 1216 928
6132 1248 928
6133 1280 928
6135 1312 928
6136 1344 928
6137 1376 928
6138 1408 928
6139 1440 928
6140 1472 928
6141 1504 928
6142 1536 928
6143 1568 928
6145 1600 928
6146 1632 928
6147 1664 928
6148 1696 928
6149 1728 928
6150 1760 928
6151 1792 928
6152 1824 928
6153 1856 928
6154 1888 928
6155 1920 928
6156 1952 928
6157 1984 928
6158 2016 928
6159 0 960
6160 32 960
6161 64 960
6162 96 960
6163 128 960
6164 160 960
6165 192 960
6166 224 960
6167 256 960
6168 288 960
6169 320 960
6170 352 960
6171 384 960
6172 416 960
6173 448 960
6175 480 960
6176 512 960
6177 544 960
6178 576 960
6179 608 960
6180 640 960
6181 672 960
6182 704 960
6183 736 960
6184 768 960
6185 800 960
6186 832 960
6187 864 960
6188 896 960
6189 928 960
6190 960 960
6191 992 960
6192 1024 960
6193 1056 960
6194 1088 960
6195 1120 960
6196 1152 960
6197 1184 960
6200 1216 960
6201 1248 960
6202 1280 960
6203 1312 960
6204 1344 960
6205 1376 960
6206 1408 960
6207 1440 960
6208 1472 960
6209 1504 960
6210 1536 960
6211 1568 960
6212 1600 960
6213 1632 960
6215 1664 960
6216 1696 960
6217 1728 960
6218 1760 960
6219 1792 960
6220 1824 960
6221 1856 960
6222 1888 960
6223 1920 960
6224 1952 960
6225 1984 960
6226 2016 960
6227 0 992
6228 32 992
6229 64 992
6230 96 992
6231 128 992
6232 160 992
6233 192 992
6235 224 992
6236 256 992
6237 288 992
6238 320 992
6239 352 992
6240 384 992
6241 416 992
6242 448 992
6243 480 992
6244 512 992
6245 544 992
6246 576 992
6247 608 992
6248 640 992
6249 672 992
6250 704 992
6251 736 992
6252 768 992
6253 800 992
6254 832 992
6255 864 992
6256 896 992
6257 928 992
6258 960 992
6259 992 992
6260 1024 992
6261 1056 992
6262 1088 992
6263 1120 992
6264 1152 992
6265 1184 992
6266 1216 992
6267 1248 992
6268 1280 992
6269 1312 992
6270 1344 992
6271 1376 992
6272 1408 992
6273 1440 992
6274 1472 992
6275 1504 992
6276 1536 992
6277 1568 992
6278 1600 992
6279 1632 992
6280 1664 992
6281 1696 992
6282 1728 992
6283 1760 992
6286 1792 992
6287 1824 992
6288 1856 992
6289 1888 992
6290 1920 992
6291 1952 992
6292 1984 992
6293 2016 992
6294 0 1024
6295 32 1024
6296 64 1024
6297 96 1024
6298 128 1024
6299 160 1024
6300 192 1024
6301 224 1024
6302 256 1024
6303 288 1024
6304 320 1024
6305 352 1024
6306 384 1024
6307 416 1024
6308 448 1024
6309 480 1024
6310 512 1024
6311 544 1024
6312 576 1024
6313 608 1024
6314 640 1024
6315 672 1024
6316 704 1024
6317 736 1024
6318 768 1024
6319 800 1024
6320 832 1024
6321 864 1024
6322 896 1024
6323 928 1024
6324 960 1024
6325 992 1024
6326 1024 1024
6327 1056 1024
6328 1088 1024
6329 1120 1024
6330 1152 1024
6331 1184 1024
6332 1216 1024
6333 1248 1024
6334 1280 1024
6335 1312 1024
6336 1344 1024
6337 1376 1024
6338 1408 1024
6339 1440 1024
6340 1472 1024
6341 1504 1024
6342 1536 1024
6343 1568 1024
6344 1600 1024
6345 1632 1024
6346 1664 1024
6347 1696 1024
6348 1728 1024
6349 1760 1024
6350 1792 1024
6351 1824 1024
6352 1856 1024
6353 1888 1024
6354 1920 1024
6355 1952 1024
6356 1984 1024
6357 2016 1024
6358 0 1056
6359 32 1056
6360 64 1056
6361 96 1056
6362 128 1056
6363 160 1056
6364 192 1056
6365 224 1056
6366 256 1056
6367 288 1056
6376 320 1056
6377 352 1056
6378 384 1056
6379 416 1056
6380 448 1056
6381 480 1056
6382 512 1056
6383 544 1056
6384 576 1056
6385 608 1056
6386 640 1056
6387 672 1056
6388 704 1056
6389 736 1056
6390 768 1056
6391 800 1056
6392 832 1056
6393 864 1056
6394 896 1056
6395 928 1056
6396 960 1056
6397 992 1056
6398 1024 1056
6399 1056 1056
6400 1088 1056
6401 1120 1056
6402 1152 1056
6403 1184 1056
6404 1216 1056
6405 1248 1056
6406 1280 1056
6407 1312 1056
6408 1344 1056
6409 1376 1056
6410 1408 1056
6411 1440 1056
6412 1472 1056
6413 1504 1056
6414 1536 1056
6415 1568 1056
6416 1600 1056
6417 1632 1056
6418 1664 1056
6419 1696 1056
6420 1728 1056
6421 1760 1056
6422 1792 1056
6423 1824 1056
6424 1856 1056
6425 1888 1056
6426 1920 1056
6427 1952 1056
6428 1984 1056
6429 2016 1056
6430 0 1088
6431 32 1088
6432 64 1088
6433 96 1088
6434 128 1088
6435 160 1088
6436 192 1088
6437 224 1088
6438 256 1088
6439 288 1088
6440 320 1088
6441 352 1088
6443 384 1088
6445 416 1088
6446 448 1088
6447 480 1088
6448 512 1088
6449 544 1088
6450 576 1088
6451 608 1088
6452 640 1088
6453 672 1088
6454 704 1088
6455 736 1088
6456 768 1088
6457 800 1088
6458 832 1088
6459 864 1088
6460 896 1088
6461 928 1088
6463 960 1088
6464 992 1088
6465 1024 1088
6466 1056 1088
6467 1088 1088
6468 1120 1088
6469 1152 1088
6470 1184 1088
6471 1216 1088
6472 1248 1088
6473 1280 1088
6474 1312 1088
6475 1344 1088
6476 1376 1088
6477 1408 1088
6478 1440 1088
6479 1472 1088
6480 1504 1088
6481 1536 1088
6482 1568 1088
6483 1600 1088
6484 1632 1088
6485 1664 1088
6486 1696 1088
6487 1728 1088
6488 1760 1088
6489 1792 1088
6490 1824 1088
6491 1856 1088
6492 1888 1088
6493 1920 1088
6494 1952 1088
6495 1984 1088
6496 2016 1088
6497 0 1120
6498 32 1120
6499 64 1120
6500 96 1120
6501 128 1120
6502 160 1120
6503 192 1120
6504 224 1120
6505 256 1120
6506 288 1120
6507 320 1120
6508 352 1120
6509 384 1120
6510 416 1120
6511 448 1120
6512 480 1120
6513 512 1120
6514 544 1120
6515 576 1120
6516 608 1120
6517 640 1120
6518 672 1120
6519 704 1120
6520 736 1120
6521 768 1120
6522 800 1120
6523 832 1120
6524 864 1120
6525 896 1120
6526 928 1120
6527 960 1120
6528 992 1120
6529 1024 1120
6530 1056 1120
6531 1088 1120
6532 1120 1120
6533 1152 1120
6534 1184 1120
6535 1216 1120
6536 1248 1120
6537 1280 1120
6538 1312 1120
6539 1344 1120
6540 1376 1120
6541 1408 1120
6542 1440 1120
6543 1472 1120
6544 1504 1120
6545 1536 1120
6546 1568 1120
6547 1600 1120
6548 1632 1120
6549 1664 1120
6550 1696 1120
6551 1728 1120
6552 1760 1120
6553 1792 1120
6554 1824 1120
6555 1856 1120
6556 1888 1120
6557 1920 1120
6558 1952 1120
6559 1984 1120
6560 2016 1120
6561 0 1152
6562 32 1152
6563 64 1152
6564 96 1152
6565 128 1152
6566 160 1152
6567 192 1152
6568 224 1152
6569 256 1152
6570 288 1152
6571 320 1152
6572 352 1152
6573 384 1152
6574 416 1152
6575 448 1152
6576 480 1152
6577 512 1152
6578 544 1152
6579 576 1152
6580 608 1152
6581 640 1152
6582 672 1152
6583 704 1152
6584 736 1152
6585 768 1152
6586 800 1152
6587 832 1152
6588 864 1152
6589 896 1152
6590 928 1152
6591 960 1152
6592 992 1152
6593 1024 1152
6594 1056 1152
6595 1088 1152
6596 1120 1152
6597 1152 1152
6598 1184 1152
6599 1216 1152
6600 1248 1152
6601 1280 1152
6602 1312 1152
6603 1344 1152
6604 1376 1152
6605 1408 1152
6606 1440 1152
6607 1472 1152
6608 1504 1152
6609 1536 1152
6610 1568 1152
6611 1600 1152
6612 1632 1152
6613 1664 1152
6614 1696 1152
6615 1728 1152
6616 1760 1152
6617 1792 1152
6618 1824 1152
6619 1856 1152
6620 1888 1152
6621 1920 1152
6622 1952 1152
6623 1984 1152
6624 2016 1152
6625 0 1184
6626 32 1184
6627 64 1184
6628 96 1184
6629 128 1184
6630 160 1184
6631 192 1184
6632 224 1184
6633 256 1184
6634 288 1184
6635 320 1184
6636 352 1184
6637 384 1184
6638 416 1184
6639 448 1184
6640 480 1184
6641 512 1184
6642 544 1184
6643 576 1184
6644 608 1184
6645 640 1184
6646 672 1184
6647 704 1184
6648 736 1184
6649 768 1184
6650 800 1184
6651 832 1184
6652 864 1184
6653 896 1184
6654 928 1184
6655 960 1184
6656 992 1184
6657 1024 1184
6658 1056 1184
6659 1088 1184
6660 1120 1184
6661 1152 1184
6662 1184 1184
6663 1216 1184
6664 1248 1184
6665 1280 1184
6666 1312 1184
6667 1344 1184
6668 1376 1184
6669 1408 1184
6670 1440 1184
6671 1472 1184
6672 1504 1184
6673 1536 1184
6674 1568 1184
6675 1600 1184
6676 1632 1184
6677 1664 1184
6678 1696 1184
6679 1728 1184
6680 1760 1184
6681 1792 1184
6682 1824 1184
6683 1856 1184
6684 1888 1184
6685 1920 1184
6686 1952 1184
6687 1984 1184
6688 2016 1184
6689 0 1216
6690 32 1216
6691 64 1216
6692 96 1216
6693 128 1216
6694 160 1216
6695 192 1216
6696 224 1216
6697 256 1216
6698 288 1216
6699 320 1216
6700 352 1216
6701 384 1216
6702 416 1216
6703 448 1216
6704 480 1216
6705 512 1216
6706 544 1216
6707 576 1216
6708 608 1216
6709 640 1216
6710 672 1216
6711 704 1216
6712 736 1216
6713 768 1216
6714 800 1216
6715 832 1216
6716 864 1216
6717 896 1216
6718 928 1216
6719 960 1216
6720 992 1216
6721 1024 1216
6722 1056 1216
6723 1088 1216
6724 1120 1216
6725 1152 1216
6726 1184 1216
6727 1216 1216
6728 1248 1216
6729 1280 1216
6730 1312 1216
6731 1344 1216
6732 1376 1216
6733 1408 1216
6734 1440 1216
6735 1472 1216
6736 1504 1216
6737 1536 1216
6738 1568 1216
6739 1600 1216
6740 1632 1216
6741 1664 1216
6742 1696 1216
6743 1728 1216
6744 1760 1216
6745 1792 1216
6746 1824 1216
6747 1856 1216
6748 1888 1216
6749 1920 1216
6750 1952 1216
6751 1984 1216
6752 2016 1216
6753 0 1248
6754 32 1248
6755 64 1248
6756 96 1248
6757 128 1248
6758 160 1248
6760 192 1248
6761 224 1248
6762 256 1248
6763 288 1248
6764 320 1248
6765 352 1248
6766 384 1248
6767 416 1248
6768 448 1248
6769 480 1248
6770 512 1248
6771 544 1248
6772 576 1248
6773 608 1248
6774 640 1248
6775 672 1248
6776 704 1248
6777 736 1248
6778 768 1248
6779 800 1248
6780 832 1248
6781 864 1248
6782 896 1248
6783 928 1248
6784 960 1248
6785 992 1248
6786 1024 1248
6787 1056 1248
6788 1088 1248
6789 1120 1248
6790 1152 1248
6791 1184 1248
6792 1216 1248
6793 1248 1248
6794 1280 1248
6795 1312 1248
6796 1344 1248
6797 1376 1248
6798 1408 1248
6799 1440 1248
6800 1472 1248
6801 1504 1248
6802 1536 1248
6803 1568 1248
6804 1600 1248
6805 1632 1248
6806 1664 1248
6807 1696 1248
6808 1728 1248
6809 1760 1248
6810 1792 1248
6811 1824 1248
6812 1856 1248
6813 1888 1248
6814 1920 1248
6815 1952 1248
6816 1984 1248
6817 2016 1248
6818 0 1280
6819 32 1280
6820 64 1280
6821 96 1280
6822 128 1280
6823 160 1280
6824 192 1280
6825 224 1280
6826 256 1280
6827 288 1280
6828 320 1280
6829 352 1280
6830 384 1280
6831 416 1280
6832 448 1280
6833 480 1280
6834 512 1280
6835 544 1280
6836 576 1280
6837 608 1280
6838 640 1280
6839 672 1280
6840 704 1280
6841 736 1280
6842 768 1280
6843 800 1280
6844 832 1280
6845 864 1280
6846 896 1280
6847 928 1280
6848 960 1280
6849 992 1280
6850 1024 1280
6851 1056 1280
6852 1088 1280
6853 1120 1280
6854 1152 1280
6855 1184 1280
6856 1216 1280
6857 1248 1280
6858 1280 1280
6859 1312 1280
6860 1344 1280
6861 1376 1280
6862 1408 1280
6863 1440 1280
6864 1472 1280
6865 1504 1280
6866 1536 1280
6867 1568 1280
6868 1600 1280
6869 1632 1280
6870 1664 1280
6871 1696 1280
6872 1728 1280
6873 1760 1280
6874 1792 1280
6875 1824 1280
6876 1856 1280
6877 1888 1280
6878 1920 1280
6879 1952 1280
6880 1984 1280
6881 2016 1280
6882 0 1312
6883 32 1312
6884 64 1312
6885 96 1312
6886 128 1312
6887 160 1312
6888 192 1312
6889 224 1312
6890 256 1312
6891 288 1312
6892 320 1312
6893 352 1312
6894 384 1312
6895 416 1312
6896 448 1312
6897 480 1312
6898 512 1312
6899 544 1312
6900 576 1312
6901 608 1312
6902 640 1312
6903 672 1312
6904 704 1312
6905 736 1312
6906 768 1312
6907 800 1312
6908 832 1312
6909 864 1312
6910 896 1312
6911 928 1312
6912 960 1312
6913 992 1312
6914 1024 1312
6915 1056 1312
6916 1088 1312
6917 1120 1312
6918 1152 1312
6919 1184 1312
6920 1216 1312
6921 1248 1312
6922 1280 1312
6923 1312 1312
6924 1344 1312
6925 1376 1312
6926 1408 1312
6927 1440 1312
6928 1472 1312
6929 1504 1312
6930 1536 1312
6931 1568 1312
6932 1600 1312
6933 1632 1312
6934 1664 1312
6935 1696 1312
6936 1728 1312
6937 1760 1312
6938 1792 1312
6939 1824 1312
6940 1856 1312
6941 1888 1312
6942 1920 1312
6943 1952 1312
6944 1984 1312
6945 2016 1312
6946 0 1344
6947 32 1344
6948 64 1344
6949 96 1344
6950 128 1344
6951 160 1344
6952 192 1344
6953 224 1344
6954 256 1344
6955 288 1344
6956 320 1344
6957 352 1344
6958 384 1344
6959 416 1344
6960 448 1344
6961 480 1344
6962 512 1344
6963 544 1344
6964 576 1344
6965 608 1344
6966 640 1344
6967 672 1344
6968 704 1344
6969 736 1344
6970 768 1344
6971 800 1344
6972 832 1344
6973 864 1344
6974 896 1344
6975 928 1344
6976 960 1344
6977 992 1344
6978 1024 1344
6979 1056 1344
6980 1088 1344
6981 1120 1344
6982 1152 1344
6983 1184 1344
6984 1216 1344
6985 1248 1344
6986 1280 1344
6987 1312 1344
6988 1344 1344
6989 1376 1344
6990 1408 1344
6991 1440 1344
6992 1472 1344
6993 1504 1344
6995 1536 1344
6996 1568 1344
6997 1600 1344
6998 1632 1344
6999 1664 1344
7000 1696 1344
7001 1728 1344
7002 1760 1344
7003 1792 1344
7004 1824 1344
7005 1856 1344
7006 1888 1344
7007 1920 1344
7008 1952 1344
7009 1984 1344
7010 2016 1344
7011 0 1376
7012 32 1376
7013 64 1376
7015 96 1376
7016 128 1376
7017 160 1376
7018 192 1376
7019 224 1376
7020 256 1376
7021 288 1376
7022 320 1376
7023 352 1376
7024 384 1376
7025 416 1376
7026 448 1376
7027 480 1376
7028 512 1376
7029 544 1376
7030 576 1376
7031 608 1376
7032 640 1376
7033 672 1376
7034 704 1376
7035 736 1376
7036 768 1376
7038 800 1376
7039 832 1376
7040 864 1376
7041 896 1376
7042 928 1376
7043 960 1376
7044 992 1376
7045 1024 1376
7046 1056 1376
7047 1088 1376
7048 1120 1376
7049 1152 1376
7050 1184 1376
7051 1216 1376
7052 1248 1376
7053 1280 1376
7054 1312 1376
7055 1344 1376
7056 1376 1376
7057 1408 1376
7058 1440 1376
7059 1472 1376
7060 1504 1376
7061 1536 1376
7062 1568 1376
7063 1600 1376
7064 1632 1376
7065 1664 1376
7066 1696 1376
7067 1728 1376
7068 1760 1376
7069 1792 1376
7070 1824 1376
7071 1856 1376
7072 1888 1376
7073 1920 1376
7074 1952 1376
7075 1984 1376
7076 2016 1376
7077 0 1408
7078 32 1408
7079 64 1408
7080 96 1408
7081 128 1408
7082 160 1408
7083 192 1408
7084 224 1408
7085 256 1408
7086 288 1408
7087 320 1408
7088 352 1408
7089 384 1408
7090 416 1408
7091 448 1408
7092 480 1408
7093 512 1408
7094 544 1408
7095 576 1408
7096 608 1408
7097 640 1408
7098 672 1408
7099 704 1408
7100 736 1408
7101 768 1408
7102 800 1408
7103 832 1408
7104 864 1408
7105 896 1408
7106 928 1408
7107 960 1408
7108 992 1408
7109 1024 1408
7110 1056 1408
7111 1088 1408
7112 1120 1408
7113 1152 1408
7114 1184 1408
7115 1216 1408
7116 1248 1408
7117 1280 1408
7118 1312 1408
7119 1344 1408
7120 1376 1408
7121 1408 1408
7122 1440 1408
7123 1472 1408
7124 1504 1408
7125 1536 1408
7126 1568 1408
7127 1600 1408
7128 1632 1408
7129 1664 1408
7130 1696 1408
7131 1728 1408
7132 1760 1408
7133 1792 1408
7134 1824 1408
7135 1856 1408
7136 1888 1408
7137 1920 1408
7138 1952 1408
7139 1984 1408
7140 2016 1408
7141 0 1440
7142 32 1440
7143 64 1440
7144 96 1440
7145 128 1440
7147 160 1440
7148 192 1440
7149 224 1440
7150 256 1440
7153 288 1440
7154 320 1440
7156 352 1440
7157 384 1440
7158 416 1440
7159 448 1440
7160 480 1440
7161 512 1440
7162 544 1440
7163 576 1440
7164 608 1440
7165 640 1440
7166 672 1440
7167 704 1440
7168 736 1440
7169 768 1440
7170 800 1440
7171 832 1440
7175 864 1440
7177 896 1440
7178 928 1440
7179 960 1440
7180 992 1440
7181 1024 1440
7182 1056 1440
7183 1088 1440
7184 1120 1440
7185 1152 1440
7186 1184 1440
7187 1216 1440
7188 1248 1440
7189 1280 1440
7190 1312 1440
7191 1344 1440
7192 1376 1440
7193 1408 1440
7194 1440 1440
7195 1472 1440
7196 1504 1440
7197 1536 1440
7198 1568 1440
7199 1600 1440
7200 1632 1440
7201 1664 1440
7202 1696 1440
7203 1728 1440
7204 1760 1440
7205 1792 1440
7206 1824 1440
7207 1856 1440
7209 1888 1440
7210 1920 1440
7213 1952 1440
7214 1984 1440
7215 2016 1440
7216 0 1472
7217 32 1472
7218 64 1472
7219 96 1472
7220 128 1472
7221 160 1472
7222 192 1472
7223 224 1472
7224 256 1472
7225 288 1472
7226 320 1472
7227 352 1472
7228 384 1472
7229 416 1472
7230 448 1472
7231 480 1472
7232 512 1472
7233 544 1472
7234 576 1472
7235 608 1472
7236 640 1472
7237 672 1472
7238 704 1472
7239 736 1472
7240 768 1472
7241 800 1472
7242 832 1472
7243 864 1472
7244 896 1472
7245 928 1472
7246 960 1472
7247 992 1472
7248 1024 1472
7249 1056 1472
7250 1088 1472
7251 1120 1472
7252 1152 1472
7253 1184 1472
7254 1216 1472
7255 1248 1472
7256 1280 1472
7257 1312 1472
7258 1344 1472
7259 1376 1472
7260 1408 1472
7261 1440 1472
7262 1472 1472
7263 1504 1472
7264 1536 1472
7265 1568 1472
7266 1600 1472
7267 1632 1472
7268 1664 1472
7269 1696 1472
7270 1728 1472
7271 1760 1472
7272 1792 1472
7273 1824 1472
7274 1856 1472
7275 1888 1472
7276 1920 1472
7277 1952 1472
7278 1984 1472
7279 2016 1472
7280 0 1504
7282 32 1504
7283 64 1504
7284 96 1504
7285 128 1504
7286 160 1504
7287 192 1504
7288 224 1504
7289 256 1504
7290 288 1504
7291 320 1504
7292 352 1504
7293 384 1504
7294 416 1504
7295 448 1504
7296 480 1504
7297 512 1504
7298 544 1504
7299 576 1504
7300 608 1504
7301 640 1504
7302 672 1504
7303 704 1504
7304 736 1504
7305 768 1504
7307 800 1504
7308 832 1504
7309 864 1504
7310 896 1504
7311 928 1504
7312 960 1504
7313 992 1504
7314 1024 1504
7315 1056 1504
7316 1088 1504
7317 1120 1504
7318 1152 1504
7319 1184 1504
7320 1216 1504
7321 1248 1504
7322 1280 1504
7323 1312 1504
7324 1344 1504
7325 1376 1504
7326 1408 1504
7327 1440 1504
7328 1472 1504
7329 1504 1504
7330 1536 1504
7331 1568 1504
7332 1600 1504
7333 1632 1504
7334 1664 1504
7335 1696 1504
7336 1728 1504
7338 1760 1504
7339 1792 1504
7340 1824 1504
7341 1856 1504
7343 1888 1504
7344 1920 1504
7345 1952 1504
7346 1984 1504
7347 2016 1504
7348 0 1536
7349 32 1536
7351 64 1536
7352 96 1536
7353 128 1536
7354 160 1536
7355 192 1536
7356 224 1536
7357 256 1536
7358 288 1536
7359 320 1536
7360 352 1536
7361 384 1536
7363 416 1536
7364 448 1536
7366 480 1536
7367 512 1536
7369 544 1536
7370 576 1536
7371 608 1536
7372 640 1536
7373 672 1536
7375 704 1536
7376 736 1536
7377 768 1536
7382 800 1536
7383 832 1536
7384 864 1536
7385 896 1536
7386 928 1536
7387 960 1536
7388 992 1536
7389 1024 1536
7390 1056 1536
7391 1088 1536
7392 1120 1536
7393 1152 1536
7394 1184 1536
7395 1216 1536
7396 1248 1536
7397 1280 1536
7398 1312 1536
7399 1344 1536
7400 1376 1536
7401 1408 1536
7402 1440 1536
7403 1472 1536
7404 1504 1536
7405 1536 1536
7406 1568 1536
7407 1600 1536
7408 1632 1536
7409 1664 1536
7410 1696 1536
7411 1728 1536
7412 1760 1536
7413 1792 1536
7414 1824 1536
7415 1856 1536
7416 1888 1536
7417 1920 1536
7419 1952 1536
7420 1984 1536
7421 2016 1536
7422 0 1568
7423 32 1568
7427 64 1568
7428 96 1568
7429 128 1568
7430 160 1568
7431 192 1568
7435 224 1568
7436 256 1568
7437 288 1568
7438 320 1568
7439 352 1568
7440 384 1568
7441 416 1568
7442 448 1568
7443 480 1568
7444 512 1568
7445 544 1568
7446 576 1568
7447 608 1568
7448 640 1568
7449 672 1568
7450 704 1568
7451 736 1568
7452 768 1568
7453 800 1568
7454 832 1568
7455 864 1568
7460 896 1568
7461 928 1568
7462 960 1568
7463 992 1568
7464 1024 1568
7465 1056 1568
7466 1088 1568
7467 1120 1568
7468 1152 1568
7469 1184 1568
7470 1216 1568
7471 1248 1568
7472 1280 1568
7473 1312 1568
7474 1344 1568
7475 1376 1568
7476 1408 1568
7477 1440 1568
7478 1472 1568
7479 1504 1568
7481 1536 1568
7482 1568 1568
7483 1600 1568
7484 1632 1568
7485 1664 1568
7486 1696 1568
7487 1728 1568
7488 1760 1568
7489 1792 1568
7490 1824 1568
7492 1856 1568
7493 1888 1568
7494 1920 1568
7495 1952 1568
7496 1984 1568
7497 2016 1568
7498 0 1600
7499 32 1600
7500 64 1600
7501 96 1600
7502 128 1600
7503 160 1600
7504 192 1600
7505 224 1600
7506 256 1600
7507 288 1600
7508 320 1600
7509 352 1600
7510 384 1600
7511 416 1600
7512 448 1600
7513 480 1600
7514 512 1600
7515 544 1600
7516 576 1600
7517 608 1600
7518 640 1600
7519 672 1600
7520 704 1600
7521 736 1600
7522 768 1600
7523 800 1600
7524 832 1600
7525 864 1600
7526 896 1600
7527 928 1600
7528 960 1600
7529 992 1600
7530 1024 1600
7531 1056 1600
7532 1088 1600
7533 1120 1600
7534 1152 1600
7535 1184 1600
7536 1216 1600
7537 1248 1600
7538 1280 1600
7539 1312 1600
7540 1344 1600
7541 1376 1600
7542 1408 1600
7543 1440 1600
7544 1472 1600
7545 1504 1600
7546 1536 1600
7547 1568 1600
7548 1600 1600
7549 1632 1600
7550 1664 1600
7551 1696 1600
7552 1728 1600
7553 1760 1600
7554 1792 1600
7555 1824 1600
7556 1856 1600
7557 1888 1600
7558 1920 1600
7559 1952 1600
7560 1984 1600
7561 2016 1600
7562 0 1632
7563 32 1632
7564 64 1632
7565 96 1632
7566 128 1632
7567 160 1632
7568 192 1632
7569 224 1632
7570 256 1632
7571 288 1632
7572 320 1632
7573 352 1632
7574 384 1632
7575 416 1632
7576 448 1632
7577 480 1632
7578 512 1632
7579 544 1632
7580 576 1632
7581 608 1632
7582 640 1632
7583 672 1632
7584 704 1632
7585 736 1632
7586 768 1632
7587 800 1632
7588 832 1632
7589 864 1632
7590 896 1632
7591 928 1632
7592 960 1632
7593 992 1632
7594 1024 1632
7595 1056 1632
7596 1088 1632
7597 1120 1632
7598 1152 1632
7599 1184 1632
7600 1216 1632
7601 1248 1632
7602 1280 1632
7603 1312 1632
7604 1344 1632
7605 1376 1632
7606 1408 1632
7607 1440 1632
7608 1472 1632
7609 1504 1632
7610 1536 1632
7611 1568 1632
7612 1600 1632
7613 1632 1632
7614 1664 1632
7615 1696 1632
7616 1728 1632
7617 1760 1632
7618 1792 1632
7619 1824 1632
7620 1856 1632
7621 1888 1632
7622 1920 1632
7623 1952 1632
7624 1984 1632
7625 2016 1632
7626 0 1664
7627 32 1664
7628 64 1664
7629 96 1664
7630 128 1664
7631 160 1664
7632 192 1664
7633 224 1664
7634 256 1664
7635 288 1664
7636 320 1664
7637 352 1664
7638 384 1664
7639 416 1664
7640 448 1664
7641 480 1664
7642 512 1664
7643 544 1664
7644 576 1664
7645 608 1664
7646 640 1664
7647 672 1664
7648 704 1664
7649 736 1664
7650 768 1664
7651 800 1664
7652 832 1664
7653 864 1664
7654 896 1664
7655 928 1664
7656 960 1664
7657 992 1664
7658 1024 1664
7659 1056 1664
7660 1088 1664
7661 1120 1664
7662 1152 1664
7663 1184 1664
7664 1216 1664
7665 1248 1664
7666 1280 1664
7667 1312 1664
7668 1344 1664
7669 1376 1664
7670 1408 1664
7671 1440 1664
7672 1472 1664
7673 1504 1664
7674 1536 1664
7675 1568 1664
7676 1600 1664
7677 1632 1664
7678 1664 1664
7679 1696 1664
7680 1728 1664
7681 1760 1664
7682 1792 1664
7683 1824 1664
7684 1856 1664
7685 1888 1664
7686 1920 1664
7687 1952 1664
7688 1984 1664
7689 2016 1664
7690 0 1696
7691 32 1696
7692 64 1696
7693 96 1696
7694 128 1696
7695 160 1696
7696 192 1696
7697 224 1696
7699 256 1696
7700 288 1696
7701 320 1696
7702 352 1696
7703 384 1696
7704 416 1696
7705 448 1696
7706 480 1696
7707 512 1696
7708 544 1696
7709 576 1696
7710 608 1696
7711 640 1696
7712 672 1696
7713 704 1696
7714 736 1696
7715 768 1696
7716 800 1696
7717 832 1696
7718 864 1696
7719 896 1696
7720 928 1696
7721 960 1696
7722 992 1696
7723 1024 1696
7724 1056 1696
7725 1088 1696
7726 1120 1696
7727 1152 1696
7728 1184 1696
7729 1216 1696
7730 1248 1696
7731 1280 1696
7732 1312 1696
7733 1344 1696
7734 1376 1696
7735 1408 1696
7736 1440 1696
7737 1472 1696
7738 1504 1696
7740 1536 1696
7741 1568 1696
7742 1600 1696
7743 1632 1696
7744 1664 1696
7745 1696 1696
7746 1728 1696
7747 1760 1696
7748 1792 1696
7749 1824 1696
7750 1856 1696
7751 1888 1696
7752 1920 1696
7753 1952 1696
7754 1984 1696
7755 2016 1696
7756 0 1728
7757 32 1728
7758 64 1728
7760 96 1728
7761 128 1728
7763 160 1728
7764 192 1728
7765 224 1728
7766 256 1728
7767 288 1728
7768 320 1728
7769 352 1728
7770 384 1728
7771 416 1728
7772 448 1728
7773 480 1728
7774 512 1728
7775 544 1728
7776 576 1728
7777 608 1728
7779 640 1728
7780 672 1728
7781 704 1728
7782 736 1728
7784 768 1728
7785 800 1728
7786 832 1728
7787 864 1728
7788 896 1728
7789 928 1728
7790 960 1728
7792 992 1728
7793 1024 1728
7794 1056 1728
7795 1088 1728
7796 1120 1728
7797 1152 1728
7798 1184 1728
7800 1216 1728
7801 1248 1728
7802 1280 1728
7803 1312 1728
7804 1344 1728
7805 1376 1728
7806 1408 1728
7807 1440 1728
7808 1472 1728
7809 1504 1728
7810 1536 1728
7811 1568 1728
7812 1600 1728
7813 1632 1728
7814 1664 1728
7815 1696 1728
7816 1728 1728
7817 1760 1728
7818 1792 1728
7819 1824 1728
7820 1856 1728
7821 1888 1728
7822 1920 1728
7823 1952 1728
7824 1984 1728
7825 2016 1728
7826 0 1760
7827 32 1760
7828 64 1760
7829 96 1760
7830 128 1760
7831 160 1760
7832 192 1760
7833 224 1760
7834 256 1760
7835 288 1760
7836 320 1760
7837 352 1760
7838 384 1760
7839 416 1760
7840 448 1760
7841 480 1760
7842 512 1760
7843 544 1760
7844 576 1760
7845 608 1760
7846 640 1760
7847 672 1760
7848 704 1760
7849 736 1760
7850 768 1760
7851 800 1760
7852 832 1760
7853 864 1760
7854 896 1760
7855 928 1760
7857 960 1760
7859 992 1760
7860 1024 1760
7861 1056 1760
7862 1088 1760
7863 1120 1760
7864 1152 1760
7865 1184 1760
7866 1216 1760
7867 1248 1760
7868 1280 1760
7869 1312 1760
7870 1344 1760
7871 1376 1760
7872 1408 1760
7873 1440 1760
7874 1472 1760
7875 1504 1760
7876 1536 1760
7877 1568 1760
7878 1600 1760
7879 1632 1760
7880 1664 1760
7881 1696 1760
7882 1728 1760
7883 1760 1760
7884 1792 1760
7885 1824 1760
7886 1856 1760
7887 1888 1760
7888 1920 1760
7889 1952 1760
7890 1984 1760
7891 2016 1760
7892 0 1792
7893 32 1792
7894 64 1792
7895 96 1792
7896 128 1792
7897 160 1792
7898 192 1792
7899 224 1792
7900 256 1792
7901 288 1792
7902 320 1792
7903 352 1792
7904 384 1792
7905 416 1792
7906 448 1792
7907 480 1792
7908 512 1792
7909 544 1792
7910 576 1792
7911 608 1792
7912 640 1792
7913 672 1792
7914 704 1792
7915 736 1792
7916 768 1792
7917 800 1792
7918 832 1792
7919 864 1792
7920 896 1792
7921 928 1792
7922 960 1792
7923 992 1792
7924 1024 1792
7926 1056 1792
7927 1088 1792
7928 1120 1792
7929 1152 1792
7930 1184 1792
7931 1216 1792
7932 1248 1792
7933 1280 1792
7934 1312 1792
7935 1344 1792
7937 1376 1792
7938 1408 1792
7939 1440 1792
7942 1472 1792
7943 1504 1792
7944 1536 1792
7945 1568 1792
7946 1600 1792
7947 1632 1792
7948 1664 1792
7949 1696 1792
7950 1728 1792
7951 1760 1792
7953 1792 1792
7954 1824 1792
7955 1856 1792
7956 1888 1792
7957 1920 1792
7958 1952 1792
7959 1984 1792
7960 2016 1792
7961 0 1824
7962 32 1824
7963 64 1824
7964 96 1824
7965 128 1824
7966 160 1824
7968 192 1824
7969 224 1824
7970 256 1824
7971 288 1824
7972 320 1824
7973 352 1824
7974 384 1824
7975 416 1824
7976 448 1824
7977 480 1824
7978 512 1824
7979 544 1824
7980 576 1824
7981 608 1824
7982 640 1824
7983 672 1824
7984 704 1824
7985 736 1824
7986 768 1824
7987 800 1824
7988 832 1824
7989 864 1824
7990 896 1824
7991 928 1824
7992 960 1824
7993 992 1824
7994 1024 1824
7995 1056 1824
7996 1088 1824
7997 1120 1824
7998 1152 1824
7999 1184 1824
8000 1216 1824
8001 1248 1824
8002 1280 1824
8003 1312 1824
8004 1344 1824
8005 1376 1824
8006 1408 1824
8007 1440 1824
8008 1472 1824
8009 1504 1824
8010 1536 1824
8011 1568 1824
8012 1600 1824
8013 1632 1824
8014 1664 1824
8015 1696 1824
8016 1728 1824
8017 1760 1824
8018 1792 1824
8019 1824 1824
8020 1856 1824
8021 1888 1824
8022 1920 1824
8023 1952 1824
8024 1984 1824
8025 2016 1824
8026 0 1856
8027 32 1856
8028 64 1856
8029 96 1856
8030 128 1856
8031 160 1856
8032 192 1856
8033 224 1856
8034 256 1856
8035 288 1856
8036 320 1856
8037 352 1856
8038 384 1856
8039 416 1856
8040 448 1856
8041 480 1856
8042 512 1856
8043 544 1856
8044 576 1856
8045 608 1856
8046 640 1856
8047 672 1856
8048 704 1856
8049 736 1856
8050 768 1856
8051 800 1856
8052 832 1856
8053 864 1856
8054 896 1856
8055 928 1856
8056 960 1856
8057 992 1856
8058 1024 1856
8059 1056 1856
8060 1088 1856
8061 1120 1856
8062 1152 1856
8063 1184 1856
8064 1216 1856
8065 1248 1856
8066 1280 1856
8067 1312 1856
8068 1344 1856
8069 1376 1856
8070 1408 1856
8071 1440 1856
8072 1472 1856
8073 1504 1856
8074 1536 1856
8075 1568 1856
8076 1600 1856
8077 1632 1856
8078 1664 1856
8079 1696 1856
8080 1728 1856
8081 1760 1856
8082 1792 1856
8083 1824 1856
8084 1856 1856
8085 1888 1856
8086 1920 1856
8087 1952 1856
8093 1984 1856
8094 2016 1856
8097 0 1888
8100 32 1888
8101 64 1888
8102 96 1888
8103 128 1888
8104 160 1888
8105 192 1888
8106 224 1888
8107 256 1888
8108 288 1888
8109 320 1888
8110 352 1888
8111 384 1888
8112 416 1888
8113 448 1888
8114 480 1888
8115 512 1888
8116 544 1888
8117 576 1888
8118 608 1888
8119 640 1888
8120 672 1888
8121 704 1888
8122 736 1888
8123 768 1888
8124 800 1888
8125 832 1888
8126 864 1888
8127 896 1888
8129 928 1888
8130 960 1888
8133 992 1888
8134 1024 1888
8135 1056 1888
8136 1088 1888
8137 1120 1888
8138 1152 1888
8139 1184 1888
8141 1216 1888
8142 1248 1888
8143 1280 1888
8144 1312 1888
8145 1344 1888
8146 1376 1888
8147 1408 1888
8148 1440 1888
8149 1472 1888
8150 1504 1888
8151 1536 1888
8152 1568 1888
8153 1600 1888
8154 1632 1888
8155 1664 1888
8156 1696 1888
8157 1728 1888
8158 1760 1888
8159 1792 1888
8160 1824 1888
8161 1856 1888
8162 1888 1888
8163 1920 1888
8164 1952 1888
8165 1984 1888
8166 2016 1888
8167 0 1920
8168 32 1920
8169 64 1920
8170 96 1920
8171 128 1920
8172 160 1920
8173 192 1920
8174 224 1920
8175 256 1920
8176 288 1920
8177 320 1920
8178 352 1920
8179 384 1920
8180 416 1920
8181 448 1920
8182 480 1920
8183 512 1920
8184 544 1920
8185 576 1920
8186 608 1920
8187 640 1920
8188 672 1920
8189 704 1920
8190 736 1920
8191 768 1920
8192 800 1920
8193 832 1920
8194 864 1920
8195 896 1920
8196 928 1920
8197 960 1920
8198 992 1920
8199 1024 1920
8200 1056 1920
8201 1088 1920
8202 1120 1920
8203 1152 1920
8204 1184 1920
8205 1216 1920
8206 1248 1920
8207 1280 1920
8208 1312 1920
8209 1344 1920
8211 1376 1920
8212 1408 1920
8213 1440 1920
8214 1472 1920
8215 1504 1920
8216 1536 1920
8217 1568 1920
8218 1600 1920
8219 1632 1920
8220 1664 1920
8221 1696 1920
8222 1728 1920
8223 1760 1920
8224 1792 1920
8225 1824 1920
8226 1856 1920
8227 1888 1920
8228 1920 1920
8229 1952 1920
8230 1984 1920
8231 2016 1920
8232 0 1952
8233 32 1952
8234 64 1952
8235 96 1952
8236 128 1952
8237 160 1952
8238 192 1952
8239 224 1952
8241 256 1952
8242 288 1952
8243 320 1952
8244 352 1952
8247 384 1952
8248 416 1952
8249 448 1952
8250 480 1952
8251 512 1952
8252 544 1952
8253 576 1952
8254 608 1952
8255 640 1952
8256 672 1952
8257 704 1952
8258 736 1952
8259 768 1952
8260 800 1952
8261 832 1952
8262 864 1952
8264 896 1952
8266 928 1952
8267 960 1952
8268 992 1952
8269 1024 1952
8270 1056 1952
8271 1088 1952
8275 1120 1952
8276 1152 1952
8277 1184 1952
8278 1216 1952
8279 1248 1952
8280 1280 1952
8283 1312 1952
8284 1344 1952
8285 1376 1952
8286 1408 1952
8287 1440 1952
8288 1472 1952
8289 1504 1952
8290 1536 1952
8291 1568 1952
8292 1600 1952
8293 1632 1952
8294 1664 1952
8295 1696 1952
8296 1728 1952
8297 1760 1952
8298 1792 1952
8299 1824 1952
8301 1856 1952
8302 1888 1952
8303 1920 1952
8304 1952 1952
8305 1984 1952
8306 2016 1952
8307 0 1984
8308 32 1984
8309 64 1984
8310 96 1984
8311 128 1984
8312 160 1984
8313 192 1984
8314 224 1984
8315 256 1984
8316 288 1984
8317 320 1984
8318 352 1984
8319 384 1984
8320 416 1984
8321 448 1984
8322 480 1984
8323 512 1984
8324 544 1984
8325 576 1984
8326 608 1984
8327 640 1984
8328 672 1984
8329 704 1984
8330 736 1984
8331 768 1984
8332 800 1984
8333 832 1984
8334 864 1984
8335 896 1984
8336 928 1984
8337 960 1984
8338 992 1984
8339 1024 1984
8340 1056 1984
8341 1088 1984
8342 1120 1984
8343 1152 1984
8344 1184 1984
8345 1216 1984
8346 1248 1984
8347 1280 1984
8348 1312 1984
8349 1344 1984
8350 1376 1984
8351 1408 1984
8352 1440 1984
8353 1472 1984
8354 1504 1984
8355 1536 1984
8356 1568 1984
8357 1600 1984
8358 1632 1984
8359 1664 1984
8360 1696 1984
8361 1728 1984
8362 1760 1984
8363 1792 1984
8364 1824 1984
8365 1856 1984
8366 1888 1984
8367 1920 1984
8368 1952 1984
8369 1984 1984
8370 2016 1984
8371 0 2016
8372 32 2016
8373 64 2016
8374 96 2016
8375 128 2016
8377 160 2016
8378 192 2016
8379 224 2016
8380 256 2016
8381 288 2016
8382 320 2016
8383 352 2016
8384 384 2016
8385 416 2016
8386 448 2016
8387 480 2016
8388 512 2016
8389 544 2016
8390 576 2016
8391 608 2016
8392 640 2016
8393 672 2016
8394 704 2016
8395 736 2016
8396 768 2016
8397 800 2016
8398 832 2016
8399 864 2016
8400 896 2016
8401 928 2016
8402 960 2016
8403 992 2016
8404 1024 2016
8405 1056 2016
8406 1088 2016
8407 1120 2016
8408 1152 2016
8409 1184 2016
8410 1216 2016
8411 1248 2016
8412 1280 2016
8413 1312 2016
8414 1344 2016
8415 1376 2016
8416 1408 2016
8417 1440 2016
8418 1472 2016
8419 1504 2016
8420 1536 2016
8421 1568 2016
8422 1600 2016
8423 1632 2016
8424 1664 2016
8425 1696 2016
8426 1728 2016
8427 1760 2016
8428 1792 2016
8429 1824 2016
8430 1856 2016
8431 1888 2016
8432 1920 2016
8433 1952 2016
8434 1984 2016
8435 2016 2016
page 3 items_p3.dds 2048 1024 32
8436 0 0
8437 32 0
8438 64 0
8439 96 0
8440 128 0
8441 160 0
8442 192 0
8443 224 0
8444 256 0
8445 288 0
8446 320 0
8447 352 0
8448 384 0
8449 416 0
8450 448 0
8451 480 0
8452 512 0
8453 544 0
8454 576 0
8455 608 0
8456 640 0
8457 672 0
8458 704 0
8459 736 0
8460 768 0
8461 800 0
8462 832 0
8463 864 0
8464 896 0
8465 928 0
8466 960 0
8467 992 0
8468 1024 0
8469 1056 0
8470 1088 0
8471 1120 0
8472 1152 0
8473 1184 0
8474 1216 0
8475 1248 0
8476 1280 0
8477 1312 0
8478 1344 0
8479 1376 0
8480 1408 0
8481 1440 0
8482 1472 0
8483 1504 0
8484 1536 0
8485 1568 0
8486 1600 0
8487 1632 0
8488 1664 0
8489 1696 0
8490 1728 0
8491 1760 0
8492 1792 0
8493 1824 0
8494 1856 0
8495 1888 0
8496 1920 0
8497 1952 0
8498 1984 0
8499 2016 0
8500 0 32
8501 32 32
8502 64 32
8503 96 32
8504 128 32
8505 160 32
8506 192 32
8507 224 32
8508 256 32
8509 288 32
8510 320 32
8511 352 32
8512 384 32
8513 416 32
8514 448 32
8515 480 32
8516 512 32
8517 544 32
8518 576 32
8519 608 32
8520 640 32
8521 672 32
8522 704 32
8523 736 32
8524 768 32
8525 800 32
8526 832 32
8527 864 32
8528 896 32
8529 928 32
8530 960 32
8531 992 32
8532 1024 32
8533 1056 32
8534 1088 32
8535 1120 32
8536 1152 32
8537 1184 32
8538 1216 32
8539 1248 32
8540 1280 32
8541 1312 32
8542 1344 32
8545 1376 32
8546 1408 32
8547 1440 32
8548 1472 32
8549 1504 32
8550 1536 32
8551 1568 32
8554 1600 32
8555 1632 32
8556 1664 32
8557 1696 32
8558 1728 32
8559 1760 32
8560 1792 32
8561 1824 32
8562 1856 32
8563 1888 32
8564 1920 32
8565 1952 32
8566 1984 32
8567 2016 32
8568 0 64
8569 32 64
8570 64 64
8571 96 64
8572 128 64
8573 160 64
8574 192 64
8575 224 64
8576 256 64
8577 288 64
8578 320 64
8579 352 64
8580 384 64
8581 416 64
8582 448 64
8583 480 64
8584 512 64
8585 544 64
8586 576 64
8587 608 64
8588 640 64
8589 672 64
8590 704 64
8591 736 64
8592 768 64
8593 800 64
8594 832 64
8595 864 64
8596 896 64
8597 928 64
8598 960 64
8599 992 64
8600 1024 64
8601 1056 64
8602 1088 64
8603 1120 64
8604 1152 64
8605 1184 64
8606 1216 64
8607 1248 64
8608 1280 64
8609 1312 64
8610 1344 64
8611 1376 64
8612 1408 64
8613 1440 64
8614 1472 64
8615 1504 64
8616 1536 64
8617 1568 64
8618 1600 64
8619 1632 64
8620 1664 64
8621 1696 64
8622 1728 64
8623 1760 64
8624 1792 64
8625 1824 64
8626 1856 64
8627 1888 64
8628 1920 64
8629 1952 64
8630 1984 64
8631 2016 64
8632 0 96
8633 32 96
8634 64 96
8635 96 96
8636 128 96
8637 160 96
8638 192 96
8639 224 96
8640 256 96
8641 288 96
8642 320 96
8643 352 96
8644 384 96
8645 416 96
8646 448 96
8647 480 96
8648 512 96
8649 544 96
8650 576 96
8651 608 96
8652 640 96
8653 672 96
8654 704 96
8655 736 96
8660 768 96
8661 800 96
8662 832 96
8663 864 96
8665 896 96
8666 928 96
8667 960 96
8668 992 96
8669 1024 96
8670 1056 96
8671 1088 96
8672 1120 96
8673 1152 96
8674 1184 96
8675 1216 96
8676 1248 96
8677 1280 96
8678 1312 96
8679 1344 96
8680 1376 96
8681 1408 96
8682 1440 96
8683 1472 96
8684 1504 96
8685 1536 96
8686 1568 96
8687 1600 96
8688 1632 96
8689 1664 96
8690 1696 96
8691 1728 96
8692 1760 96
8693 1792 96
8694 1824 96
8695 1856 96
8696 1888 96
8697 1920 96
8698 1952 96
8699 1984 96
8700 2016 96
8701 0 128
8708 32 128
8709 64 128
8710 96 128
8711 128 128
8712 160 128
8713 192 128
8714 224 128
8715 256 128
8716 288 128
8717 320 128
8718 352 128
8719 384 128
8720 416 128
8721 448 128
8722 480 128
8723 512 128
8724 544 128
8725 576 128
8726 608 128
8727 640 128
8728 672 128
8729 704 128
8730 736 128
8731 768 128
8732 800 128
8733 832 128
8734 864 128
8735 896 128
8736 928 128
8737 960 128
8738 992 128
8739 1024 128
8740 1056 128
8741 1088 128
8742 1120 128
8743 1152 128
8744 1184 128
8745 1216 128
8746 1248 128
8747 1280 128
8748 1312 128
8749 1344 128
8750 1376 128
8751 1408 128
8752 1440 128
8753 1472 128
8754 1504 128
8755 1536 128
8756 1568 128
8758 1600 128
8759 1632 128
8760 1664 128
8761 1696 128
8762 1728 128
8763 1760 128
8764 1792 128
8765 1824 128
8766 1856 128
8767 1888 128
8768 1920 128
8769 1952 128
8770 1984 128
8771 2016 128
8772 0 160
8773 32 160
8774 64 160
8775 96 160
8776 128 160
8777 160 160
8778 192 160
8779 224 160
8780 256 160
8781 288 160
8782 320 160
8783 352 160
8784 384 160
8786 416 160
8787 448 160
8788 480 160
8789 512 160
8790 544 160
8791 576 160
8792 608 160
8793 640 160
8794 672 160
8795 704 160
8796 736 160
8797 768 160
8798 800 160
8799 832 160
8800 864 160
8801 896 160
8802 928 160
8803 960 160
8804 992 160
8805 1024 160
8806 1056 160
8807 1088 160
8808 1120 160
8809 1152 160
8810 1184 160
8811 1216 160
8812 1248 160
8813 1280 160
8814 1312 160
8815 1344 160
8816 1376 160
8817 1408 160
8821 1440 160
8823 1472 160
8824 1504 160
8825 1536 160
8826 1568 160
8827 1600 160
8828 1632 160
8829 1664 160
8830 1696 160
8831 1728 160
8832 1760 160
8833 1792 160
8834 1824 160
8835 1856 160
8836 1888 160
8837 1920 160
8838 1952 160
8839 1984 160
8840 2016 160
8841 0 192
8842 32 192
8843 64 192
8844 96 192
8845 128 192
8846 160 192
8847 192 192
8848 224 192
8849 256 192
8850 288 192
8851 320 192
8852 352 192
8853 384 192
8854 416 192
8855 448 192
8856 480 192
8857 512 192
8858 544 192
8859 576 192
8860 608 192
8861 640 192
8862 672 192
8863 704 192
8864 736 192
8865 768 192
8866 800 192
8867 832 192
8868 864 192
8869 896 192
8870 928 192
8871 960 192
8872 992 192
8873 1024 192
8874 1056 192
8875 1088 192
8876 1120 192
8877 1152 192
8878 1184 192
8879 1216 192
8880 1248 192
8881 1280 192
8882 1312 192
8883 1344 192
8884 1376 192
8885 1408 192
8886 1440 192
8887 1472 192
8888 1504 192
8889 1536 192
8890 1568 192
8891 1600 192
8892 1632 192
8893 1664 192
8894 1696 192
8895 1728 192
8896 1760 192
8897 1792 192
8898 1824 192
8899 1856 192
8900 1888 192
8901 1920 192
8902 1952 192
8903 1984 192
8904 2016 192
8905 0 224
8906 32 224
8907 64 224
8908 96 224
8909 128 224
8910 160 224
8911 192 224
8912 224 224
8913 256 224
8914 288 224
8915 320 224
8916 352 224
8917 384 224
8918 416 224
8919 448 224
8920 480 224
8921 512 224
8922 544 224
8923 576 224
8924 608 224
8925 640 224
8926 672 224
8927 704 224
8928 736 224
8929 768 224
8930 800 224
8931 832 224
8932 864 224
8933 896 224
8934 928 224
8935 960 224
8936 992 224
8937 1024 224
8938 1056 224
8939 1088 224
8940 1120 224
8941 1152 224
8942 1184 224
8943 1216 224
8948 1248 224
8951 1280 224
8952 1312 224
8953 1344 224
8954 1376 224
8955 1408 224
8956 1440 224
8957 1472 224
8958 1504 224
8959 1536 224
8960 1568 224
8961 1600 224
8962 1632 224
8963 1664 224
8964 1696 224
8967 1728 224
8968 1760 224
8969 1792 224
8970 1824 224
8971 1856 224
8972 1888 224
8973 1920 224
8974 1952 224
8975 1984 224
8976 2016 224
8977 0 256
8978 32 256
8979 64 256
8984 96 256
8985 128 256
8986 160 256
8987 192 256
8988 224 256
8989 256 256
8990 288 256
8991 320 256
8992 352 256
8993 384 256
8994 416 256
8995 448 256
8996 480 256
8997 512 256
8998 544 256
8999 576 256
9000 608 256
9001 640 256
9002 672 256
9003 704 256
9004 736 256
9005 768 256
9006 800 256
9007 832 256
9008 864 256
9009 896 256
9010 928 256
9011 960 256
9012 992 256
9013 1024 256
9014 1056 256
9015 1088 256
9016 1120 256
9017 1152 256
9018 1184 256
9019 1216 256
9020 1248 256
9021 1280 256
9022 1312 256
9023 1344 256
9024 1376 256
9025 1408 256
9026 1440 256
9027 1472 256
9028 1504 256
9029 1536 256
9030 1568 256
9031 1600 256
9032 1632 256
9033 1664 256
9034 1696 256
9035 1728 256
9036 1760 256
9037 1792 256
9038 1824 256
9039 1856 256
9040 1888 256
9041 1920 256
9042 1952 256
9043 1984 256
9044 2016 256
9045 0 288
9046 32 288
9047 64 288
9048 96 288
9049 128 288
9050 160 288
9051 192 288
9052 224 288
9053 256 288
9054 288 288
9055 320 288
9056 352 288
9058 384 288
9059 416 288
9060 448 288
9061 480 288
9062 512 288
9063 544 288
9064 576 288
9065 608 288
9066 640 288
9067 672 288
9068 704 288
9069 736 288
9070 768 288
9071 800 288
9072 832 288
9073 864 288
9074 896 288
9075 928 288
9142 960 288
9143 992 288
9144 1024 288
9145 1056 288
9146 1088 288
9147 1120 288
9148 1152 288
9149 1184 288
9150 1216 288
9151 1248 288
9152 1280 288
9153 1312 288
9154 1344 288
9155 1376 288
9156 1408 288
9157 1440 288
9158 1472 288
9159 1504 288
9160 1536 288
9161 1568 288
9162 1600 288
9163 1632 288
9168 1664 288
9170 1696 288
9176 1728 288
9177 1760 288
9178 1792 288
9179 1824 288
9180 1856 288
9181 1888 288
9182 1920 288
9183 1952 288
9184 1984 288
9185 2016 288
9186 0 320
9191 32 320
9192 64 320
9193 96 320
9194 128 320
9195 160 320
9196 192 320
9197 224 320
9198 256 320
9199 288 320
9200 320 320
9201 352 320
9203 384 320
9204 416 320
9206 448 320
9207 480 320
9209 512 320
9210 544 320
9212 576 320
9213 608 320
9215 640 320
9216 672 320
9218 704 320
9219 736 320
9221 768 320
9222 800 320
9224 832 320
9225 864 320
9227 896 320
9228 928 320
9230 960 320
9231 992 320
9232 1024 320
9233 1056 320
9234 1088 320
9235 1120 320
9236 1152 320
9237 1184 320
9238 1216 320
9239 1248 320
9240 1280 320
9241 1312 320
9242 1344 320
9243 1376 320
9244 1408 320
9245 1440 320
9246 1472 320
9247 1504 320
9248 1536 320
9249 1568 320
9250 1600 320
9251 1632 320
9252 1664 320
9253 1696 320
9254 1728 320
9255 1760 320
9256 1792 320
9257 1824 320
9258 1856 320
9259 1888 320
9260 1920 320
9261 1952 320
9263 1984 320
9264 2016 320
9265 0 352
9266 32 352
9267 64 352
9268 96 352
9269 128 352
9270 160 352
9271 192 352
9272 224 352
9273 256 352
9274 288 352
9275 320 352
9276 352 352
9277 384 352
9278 416 352
9279 448 352
9280 480 352
9281 512 352
9282 544 352
9283 576 352
9284 608 352
9285 640 352
9286 672 352
9287 704 352
9288 736 352
9289 768 352
9290 800 352
9291 832 352
9292 864 352
9293 896 352
9296 928 352
9297 960 352
9298 992 352
9299 1024 352
9300 1056 352
9301 1088 352
9302 1120 352
9303 1152 352
9304 1184 352
9305 1216 352
9306 1248 352
9307 1280 352
9308 1312 352
9309 1344 352
9310 1376 352
9311 1408 352
9313 1440 352
9314 1472 352
9315 1504 352
9316 1536 352
9317 1568 352
9318 1600 352
9319 1632 352
9320 1664 352
9321 1696 352
9322 1728 352
9323 1760 352
9324 1792 352
9325 1824 352
9326 1856 352
9327 1888 352
9328 1920 352
9329 1952 352
9331 1984 352
9332 2016 352
9333 0 384
9334 32 384
9335 64 384
9336 96 384
9337 128 384
9338 160 384
9339 192 384
9340 224 384
9341 256 384
9342 288 384
9343 320 384
9344 352 384
9345 384 384
9346 416 384
9347 448 384
9348 480 384
9349 512 384
9350 544 384
9351 576 384
9352 608 384
9353 640 384
9354 672 384
9355 704 384
9356 736 384
9357 768 384
9358 800 384
9359 832 384
9362 864 384
9367 896 384
9368 928 384
9369 960 384
9376 992 384
9377 1024 384
9378 1056 384
9379 1088 384
9380 1120 384
9381 1152 384
9382 1184 384
9383 1216 384
9384 1248 384
9385 1280 384
9386 1312 384
9387 1344 384
9388 1376 384
9389 1408 384
9390 1440 384
9391 1472 384
9392 1504 384
9393 1536 384
9394 1568 384
9395 1600 384
9396 1632 384
9397 1664 384
9398 1696 384
9399 1728 384
9400 1760 384
9401 1792 384
9402 1824 384
9403 1856 384
9404 1888 384
9405 1920 384
9406 1952 384
9407 1984 384
9408 2016 384
9409 0 416
9410 32 416
9411 64 416
9412 96 416
9413 128 416
9414 160 416
9415 192 416
9416 224 416
9417 256 416
9418 288 416
9419 320 416
9420 352 416
9421 384 416
9422 416 416
9423 448 416
9424 480 416
9425 512 416
9426 544 416
9427 576 416
9428 608 416
9429 640 416
9430 672 416
9431 704 416
9432 736 416
9433 768 416
9434 800 416
9435 832 416
9436 864 416
9437 896 416
9438 928 416
9439 960 416
9440 992 416
9441 1024 416
9442 1056 416
9443 1088 416
9444 1120 416
9445 1152 416
9446 1184 416
9447 1216 416
9448 1248 416
9449 1280 416
9450 1312 416
9451 1344 416
9452 1376 416
9453 1408 416
9454 1440 416
9455 1472 416
9456 1504 416
9457 1536 416
9458 1568 416
9459 1600 416
9460 1632 416
9461 1664 416
9462 1696 416
9463 1728 416
9464 1760 416
9465 1792 416
9466 1824 416
9467 1856 416
9468 1888 416
9469 1920 416
9470 1952 416
9471 1984 416
9472 2016 416
9473 0 448
9474 32 448
9475 64 448
9476 96 448
9477 128 448
9478 160 448
9479 192 448
9480 224 448
9481 256 448
9482 288 448
9483 320 448
9484 352 448
9485 384 448
9486 416 448
9487 448 448
9488 480 448
9489 512 448
9490 544 448
9491 576 448
9492 608 448
9493 640 448
9494 672 448
9495 704 448
9496 736 448
9497 768 448
9498 800 448
9499 832 448
9500 864 448
9501 896 448
9502 928 448
9503 960 448
9504 992 448
9505 1024 448
9506 1056 448
9507 1088 448
9513 1120 448
9525 1152 448
9526 1184 448
9527 1216 448
9528 1248 448
9529 1280 448
9533 1312 448
9534 1344 448
9535 1376 448
9536 1408 448
9537 1440 448
9539 1472 448
9540 1504 448
9541 1536 448
9542 1568 448
9543 1600 448
9544 1632 448
9545 1664 448
9546 1696 448
9547 1728 448
9548 1760 448
9549 1792 448
9550 1824 448
9551 1856 448
9552 1888 448
9553 1920 448
9555 1952 448
9556 1984 448
9557 2016 448
9558 0 480
9559 32 480
9560 64 480
9561 96 480
9562 128 480
9563 160 480
9564 192 480
9565 224 480
9566 256 480
9567 288 480
9568 320 480
9569 352 480
9570 384 480
9571 416 480
9572 448 480
9573 480 480
9574 512 480
9575 544 480
9576 576 480
9577 608 480
9578 640 480
9579 672 480
9580 704 480
9581 736 480
9582 768 480
9583 800 480
9584 832 480
9585 864 480
9586 896 480
9587 928 480
9588 960 480
9589 992 480
9590 1024 480
9591 1056 480
9592 1088 480
9593 1120 480
9594 1152 480
9595 1184 480
9596 1216 480
9597 1248 480
9598 1280 480
9599 1312 480
9600 1344 480
9601 1376 480
9602 1408 480
9603 1440 480
9604 1472 480
9605 1504 480
9606 1536 480
9607 1568 480
9608 1600 480
9609 1632 480
9610 1664 480
9611 1696 480
9612 1728 480
9613 1760 480
9614 1792 480
9615 1824 480
9616 1856 480
9617 1888 480
9618 1920 480
9619 1952 480
9620 1984 480
9621 2016 480
9622 0 512
9623 32 512
9624 64 512
9625 96 512
9626 128 512
9627 160 512
9628 192 512
9629 224 512
9630 256 512
9631 288 512
9632 320 512
9633 352 512
9634 384 512
9635 416 512
9636 448 512
9637 480 512
9638 512 512
9639 544 512
9640 576 512
9641 608 512
9642 640 512
9643 672 512
9644 704 512
9645 736 512
9646 768 512
9647 800 512
9648 832 512
9649 864 512
9650 896 512
9651 928 512
9652 960 512
9653 992 512
9654 1024 512
9655 1056 512
9656 1088 512
9657 1120 512
9658 1152 512
9659 1184 512
9660 1216 512
9661 1248 512
9662 1280 512
9663 1312 512
9664 1344 512
9665 1376 512
9666 1408 512
9667 1440 512
9668 1472 512
9669 1504 512
9670 1536 512
9671 1568 512
9672 1600 512
9673 1632 512
9674 1664 512
9675 1696 512
9676 1728 512
9677 1760 512
9682 1792 512
9683 1824 512
9684 1856 512
9685 1888 512
9686 1920 512
9687 1952 512
9688 1984 512
9689 2016 512
9690 0 544
9691 32 544
9692 64 544
9693 96 544
9694 128 544
9695 160 544
9696 192 544
9697 224 544
9699 256 544
9701 288 544
9702 320 544
9703 352 544
9704 384 544
9705 416 544
9706 448 544
9707 480 544
9709 512 544
9718 544 544
9719 576 544
9720 608 544
9721 640 544
9722 672 544
9723 704 544
9724 736 544
9725 768 544
9726 800 544
9728 832 544
9729 864 544
9730 896 544
9731 928 544
9732 960 544
9733 992 544
9734 1024 544
9735 1056 544
9736 1088 544
9737 1120 544
9738 1152 544
9739 1184 544
9740 1216 544
9742 1248 544
9743 1280 544
9744 1312 544
9745 1344 544
9746 1376 544
9747 1408 544
9748 1440 544
9749 1472 544
9750 1504 544
9751 1536 544
9752 1568 544
9753 1600 544
9754 1632 544
9755 1664 544
9756 1696 544
9757 1728 544
9758 1760 544
9759 1792 544
9760 1824 544
9763 1856 544
9765 1888 544
9772 1920 544
9773 1952 544
9774 1984 544
9775 2016 544
9776 0 576
9778 32 576
9779 64 576
9780 96 576
9781 128 576
9782 160 576
9783 192 576
9784 224 576
9786 256 576
9787 288 576
9788 320 576
9789 352 576
9790 384 576
9791 416 576
9792 448 576
9793 480 576
9794 512 576
9795 544 576
9796 576 576
9797 608 576
9798 640 576
9799 672 576
9800 704 576
9801 736 576
9802 768 576
9803 800 576
9805 832 576
9806 864 576
9807 896 576
9808 928 576
9809 960 576
9810 992 576
9811 1024 576
9812 1056 576
9813 1088 576
9814 1120 576
9815 1152 576
9816 1184 576
9817 1216 576
9818 1248 576
9819 1280 576
9820 1312 576
9821 1344 576
9822 1376 576
9823 1408 576
9824 1440 576
9825 1472 576
9826 1504 576
9827 1536 576
9828 1568 576
9829 1600 576
9830 1632 576
9831 1664 576
9832 1696 576
9833 1728 576
9834 1760 576
9835 1792 576
9836 1824 576
9837 1856 576
9838 1888 576
9839 1920 576
9840 1952 576
9841 1984 576
9842 2016 576
9843 0 608
9844 32 608
9845 64 608
9846 96 608
9847 128 608
9848 160 608
9849 192 608
9850 224 608
9851 256 608
9852 288 608
9853 320 608
9854 352 608
9855 384 608
9856 416 608
9857 448 608
9858 480 608
9859 512 608
9860 544 608
9861 576 608
9862 608 608
9863 640 608
9864 672 608
9865 704 608
9866 736 608
9867 768 608
9868 800 608
9869 832 608
9870 864 608
9871 896 608
9872 928 608
9873 960 608
9874 992 608
9875 1024 608
9876 1056 608
9877 1088 608
9878 1120 608
9879 1152 608
9880 1184 608
9881 1216 608
9882 1248 608
9883 1280 608
9884 1312 608
9885 1344 608
9886 1376 608
9887 1408 608
9888 1440 608
9889 1472 608
9890 1504 608
9891 1536 608
9892 1568 608
9893 1600 608
9894 1632 608
9895 1664 608
9896 1696 608
9897 1728 608
9898 1760 608
9899 1792 608
9900 1824 608
9901 1856 608
9902 1888 608
9903 1920 608
9906 1952 608
9907 1984 608
9908 2016 608
9909 0 640
9910 32 640
9911 64 640
9912 96 640
9913 128 640
9914 160 640
9915 192 640
9916 224 640
9917 256 640
9918 288 640
9919 320 640
9920 352 640
9921 384 640
9922 416 640
9923 448 640
9924 480 640
9925 512 640
9926 544 640
9927 576 640
9928 608 640
9929 640 640
9930 672 640
9931 704 640
9932 736 640
9933 768 640
9934 800 640
9935 832 640
9936 864 640
9937 896 640
9938 928 640
9939 960 640
9940 992 640
9941 1024 640
9942 1056 640
9943 1088 640
9944 1120 640
9945 1152 640
9946 1184 640
9947 1216 640
9948 1248 640
9949 1280 640
9950 1312 640
9951 1344 640
9963 1376 640
9964 1408 640
9965 1440 640
9966 1472 640
9967 1504 640
9968 1536 640
9969 1568 640
9970 1600 640
9971 1632 640
9972 1664 640
9973 1696 640
9974 1728 640
9975 1760 640
9976 1792 640
9977 1824 640
9978 1856 640
9979 1888 640
9980 1920 640
9981 1952 640
9982 1984 640
9983 2016 640
9984 0 672
9985 32 672
9986 64 672
9987 96 672
9988 128 672
9989 160 672
9990 192 672
9991 224 672
9992 256 672
9993 288 672
9994 320 672
9995 352 672
9996 384 672
9997 416 672
9998 448 672
9999 480 672
10000 512 672
10001 544 672
10002 576 672
10003 608 672
10004 640 672
10005 672 672
10006 704 672
10007 736 672
10008 768 672
10009 800 672
10010 832 672
10011 864 672
10012 896 672
10013 928 672
10014 960 672
10015 992 672
10016 1024 672
10017 1056 672
10018 1088 672
10019 1120 672
10020 1152 672
10021 1184 672
10022 1216 672
10023 1248 672
10024 1280 672
10025 1312 672
10026 1344 672
10027 1376 672
10028 1408 672
10029 1440 672
10030 1472 672
10031 1504 672
10032 1536 672
10033 1568 672
10034 1600 672
10039 1632 672
10040 1664 672
10041 1696 672
10042 1728 672
10043 1760 672
10044 1792 672
10045 1824 672
10046 1856 672
10047 1888 672
10048 1920 672
10050 1952 672
10051 1984 672
10052 2016 672
10053 0 704
10054 32 704
10055 64 704
10056 96 704
10057 128 704
10058 160 704
10059 192 704
10060 224 704
10061 256 704
10062 288 704
10063 320 704
10064 352 704
10065 384 704
10066 416 704
10067 448 704
10068 480 704
10069 512 704
10070 544 704
10071 576 704
10072 608 704
10073 640 704
10074 672 704
10075 704 704
10076 736 704
10077 768 704
10078 800 704
10079 832 704
10080 864 704
10081 896 704
10082 928 704
10083 960 704
10084 992 704
10085 1024 704
10086 1056 704
10087 1088 704
10088 1120 704
10089 1152 704
10090 1184 704
10091 1216 704
10092 1248 704
10093 1280 704
10094 1312 704
10096 1344 704
10097 1376 704
10098 1408 704
10099 1440 704
10100 1472 704
10101 1504 704
10104 1536 704
10105 1568 704
10106 1600 704
10107 1632 704
10108 1664 704
10109 1696 704
10110 1728 704
10111 1760 704
10112 1792 704
10113 1824 704
10114 1856 704
10115 1888 704
10116 1920 704
10117 1952 704
10118 1984 704
10119 2016 704
10120 0 736
10121 32 736
10122 64 736
10123 96 736
10124 128 736
10125 160 736
10126 192 736
10127 224 736
10128 256 736
10129 288 736
10130 320 736
10131 352 736
10132 384 736
10133 416 736
10134 448 736
10135 480 736
10136 512 736
10137 544 736
10138 576 736
10139 608 736
10140 640 736
10141 672 736
10142 704 736
10143 736 736
10144 768 736
10145 800 736
10146 832 736
10147 864 736
10148 896 736
10149 928 736
10150 960 736
10151 992 736
10152 1024 736
10153 1056 736
10154 1088 736
10155 1120 736
10156 1152 736
10157 1184 736
10158 1216 736
10159 1248 736
10160 1280 736
10161 1312 736
10162 1344 736
10163 1376 736
10164 1408 736
10165 1440 736
10166 1472 736
10167 1504 736
10168 1536 736
10169 1568 736
10170 1600 736
10171 1632 736
10172 1664 736
10174 1696 736
10175 1728 736
10176 1760 736
10177 1792 736
10178 1824 736
10182 1856 736
10183 1888 736
10184 1920 736
10185 1952 736
10186 1984 736
10187 2016 736
10188 0 768
10189 32 768
10190 64 768
10191 96 768
10192 128 768
10193 160 768
10194 192 768
10195 224 768
10196 256 768
10197 288 768
10198 320 768
10199 352 768
10200 384 768
10201 416 768
10202 448 768
10203 480 768
10204 512 768
10205 544 768
10206 576 768
10207 608 768
10208 640 768
10209 672 768
10210 704 768
10211 736 768
10212 768 768
10213 800 768
10214 832 768
10215 864 768
10216 896 768
10217 928 768
10218 960 768
10219 992 768
10220 1024 768
10221 1056 768
10222 1088 768
10223 1120 768
10224 1152 768
10225 1184 768
10227 1216 768
10228 1248 768
10230 1280 768
10231 1312 768
10233 1344 768
10247 1376 768
10248 1408 768
10249 1440 768
10250 1472 768
10252 1504 768
10253 1536 768
10256 1568 768
10257 1600 768
10258 1632 768
10259 1664 768
10260 1696 768
10261 1728 768
10262 1760 768
10263 1792 768
10264 1824 768
10265 1856 768
10266 1888 768
10267 1920 768
10268 1952 768
10270 1984 768
10271 2016 768
10272 0 800
10273 32 800
10274 64 800
10275 96 800
10276 128 800
10281 160 800
10283 192 800
10284 224 800
10289 256 800
10290 288 800
10291 320 800
10292 352 800
10293 384 800
10294 416 800
10295 448 800
10296 480 800
10297 512 800
10298 544 800
10299 576 800
10300 608 800
10301 640 800
10302 672 800
10303 704 800
10304 736 800
10305 768 800
10306 800 800
10307 832 800
10308 864 800
10309 896 800
10310 928 800
10311 960 800
10312 992 800
10313 1024 800
10314 1056 800
10315 1088 800
10316 1120 800
10317 1152 800
10318 1184 800
10319 1216 800
10320 1248 800
10321 1280 800
10322 1312 800
10323 1344 800
10324 1376 800
10325 1408 800
10326 1440 800
10327 1472 800
10328 1504 800
10329 1536 800
10330 1568 800
10331 1600 800
10332 1632 800
10333 1664 800
10334 1696 800
10335 1728 800
10336 1760 800
10337 1792 800
10338 1824 800
10339 1856 800
10340 1888 800
10341 1920 800
10342 1952 800
10343 1984 800
10344 2016 800
10345 0 832
10346 32 832
10347 64 832
10348 96 832
10349 128 832
10350 160 832
10360 192 832
10361 224 832
10362 256 832
10363 288 832
10364 320 832
10365 352 832
10366 384 832
10367 416 832
10368 448 832
10371 480 832
10372 512 832
10373 544 832
10374 576 832
10375 608 832
10376 640 832
10377 672 832
10378 704 832
10379 736 832
10380 768 832
10381 800 832
10382 832 832
10383 864 832
10384 896 832
10385 928 832
10386 960 832
10387 992 832
10388 1024 832
10389 1056 832
10390 1088 832
10391 1120 832
10392 1152 832
10393 1184 832
10394 1216 832
10395 1248 832
10396 1280 832
10408 1312 832
10409 1344 832
10410 1376 832
10411 1408 832
10412 1440 832
10413 1472 832
10414 1504 832
10415 1536 832
10416 1568 832
10417 1600 832
10418 1632 832
10419 1664 832
10420 1696 832
10421 1728 832
10422 1760 832
10423 1792 832
10424 1824 832
10425 1856 832
10426 1888 832
10427 1920 832
10428 1952 832
10429 1984 832
10430 2016 832
10432 0 864
none 5651 5652 5654 5659 5660 5662 5664 5665 5666 5866 5900 5904 5905 5908 5913 5914 5916 5918 5921 5922 5933 5955 5956 5957 6097 6126 6134 6214 7146 7155 7172 7173 7174 7176 7211 7212 7856 7858 8140 8210
none 8980 8981 8982 8983 9057 9076 9077 9078 9079 9080 9081 9082 9083 9084 9085 9086 9087 9088 9089 9090 9091 9092 9093 9094 9095 9096 9097 9098 9099 9100 9101 9102 9103 9104 9105 9106 9107 9108 9109 9110
none 9111 9112 9113 9114 9115 9116 9117 9118 9119 9120 9121 9122 9123 9124 9125 9126 9127 9128 9129 9130 9131 9132 9133 9134 9135 9136 9137 9138 9139 9140 9141 9522 9523 9524 9777 9952 9953 9954 9955 9956
none 9957 9958 9959 9960 9961 10102 10103 10179 10180 10181 10229 10232 10277 10278 10279 10280 10282 10285 10286 10287 10288 10351 10352 10353 10354 10355 10356 10357 10358 10359 10369 10370 10397 10398 10399 10400 10401 10402 10403 10404
none 10405 10406 10407 10431
page 4 skins_p1.dds 2048 2048 80
s1 0 0
s2 80 0
s3 160 0
s4 240 0
s5 320 0
s6 400 0
s7 480 0
s8 560 0
s9 640 0
s10 720 0
s11 800 0
s12 880 0
s13 960 0
s14 1040 0
s15 1120 0
s16 1200 0
s17 1280 0
s18 1360 0
s19 1440 0
s20 1520 0
s21 1600 0
s22 1680 0
s23 1760 0
s24 1840 0
s25 1920 0
s26 0 80
s27 80 80
s28 160 80
s29 240 80
s30 320 80
s31 400 80
s32 480 80
s33 560 80
s34 640 80
s35 720 80
s36 800 80
s37 880 80
s38 960 80
s39 1040 80
s40 1120 80
s41 1200 80
s42 1280 80
s43 1360 80
s44 1440 80
s45 1520 80
s46 1600 80
s47 1680 80
s48 1760 80
s49 1840 80
s50 1920 80
s51 0 160
s52 80 160
s53 160 160
s54 240 160
s55 320 160
s56 400 160
s57 480 160
s58 560 160
s59 640 160
s60 720 160
s61 800 160
s62 880 160
s63 960 160
s64 1040 160
s65 1120 160
s66 1200 160
s67 1280 160
s68 1360 160
s69 1440 160
s70 1520 160
s71 1600 160
s72 1680 160
s73 1760 160
s75 1840 160
s76 1920 160
s77 0 240
s78 80 240
s79 160 240
s80 240 240
s81 320 240
s82 400 240
s83 480 240
s84 560 240
s85 640 240
s86 720 240
s87 800 240
s88 880 240
s89 960 240
s90 1040 240
s91 1120 240
s92 1200 240
s93 1280 240
s94 1360 240
s95 1440 240
s96 1520 240
s97 1600 240
s98 1680 240
s99 1760 240
s100 1840 240
s101 1920 240
s102 0 320
s103 80 320
s104 160 320
s105 240 320
s106 320 320
s107 400 320
s108 480 320
s109 560 320
s110 640 320
s111 720 320
s112 800 320
s113 880 320
s114 960 320
s115 1040 320
s116 1120 320
s117 1200 320
s118 1280 320
s119 1360 320
s120 1440 320
s121 1520 320
s122 1600 320
s123 1680 320
s124 1760 320
s125 1840 320
s126 1920 320
s127 0 400
s128 80 400
s129 160 400
s130 240 400
s131 320 400
s132 400 400
s133 480 400
s134 560 400
s135 640 400
s136 720 400
s137 800 400
s138 880 400
s139 960 400
s140 1040 400
s141 1120 400
s142 1200 400
s143 1280 400
s144 1360 400
s145 1440 400
s146 1520 400
s147 1600 400
s148 1680 400
s149 1760 400
s150 1840 400
s151 1920 400
s152 0 480
s153 80 480
s154 160 480
s155 240 480
s156 320 480
s157 400 480
s158 480 480
s159 560 480
s160 640 480
s161 720 480
s162 800 480
s163 880 480
s164 960 480
s165 1040 480
s166 1120 480
s167 1200 480
s168 1280 480
s169 1360 480
s170 1440 480
s171 1520 480
s172 1600 480
s173 1680 480
s174 1760 480
s175 1840 480
s176 1920 480
s177 0 560
s178 80 560
s179 160 560
s180 240 560
s181 320 560
s182 400 560
s183 480 560
s184 560 560
s185 640 560
s186 720 560
s187 800 560
s188 880 560
s189 960 560
s190 1040 560
s191 1120 560
s192 1200 560
s193 1280 560
s194 1360 560
s195 1440 560
s196 1520 560
s197 1600 560
s198 1680 560
s199 1760 560
s200 1840 560
s201 1920 560
s202 0 640
s203 80 640
s204 160 640
s205 240 640
s206 320 640
s207 400 640
s208 480 640
s209 560 640
s210 640 640
s211 720 640
s212 800 640
s213 880 640
s214 960 640
s215 1040 640
s216 1120 640
s217 1200 640
s218 1280 640
s219 1360 640
s220 1440 640
s221 1520 640
s222 1600 640
s223 1680 640
s224 1760 640
s225 1840 640
s226 1920 640
s227 0 720
s228 80 720
s229 160 720
s230 240 720
s231 320 720
s232 400 720
s233 480 720
s234 560 720
s235 640 720
s236 720 720
s237 800 720
s238 880 720
s239 960 720
s240 1040 720
s241 1120 720
s242 1200 720
s243 1280 720
s244 1360 720
s245 1440 720
s246 1520 720
s247 1600 720
s248 1680 720
s249 1760 720
s250 1840 720
s251 1920 720
s252 0 800
s253 80 800
s254 160 800
s255 240 800
s256 320 800
s257 400 800
s258 480 800
s259 560 800
s260 640 800
s261 720 800
s262 800 800
s263 880 800
s264 960 800
s265 1040 800
s266 1120 800
s267 1200 800
s269 1280 800
s270 1360 800
s271 1440 800
s272 1520 800
s273 1600 800
s274 1680 800
s275 1760 800
s276 1840 800
s277 1920 800
s278 0 880
s279 80 880
s280 160 880
s281 240 880
s282 320 880
s283 400 880
s284 480 880
s285 560 880
s286 640 880
s287 720 880
s288 800 880
s289 880 880
s290 960 880
s291 1040 880
s292 1120 880
s293 1200 880
s294 1280 880
s295 1360 880
s296 1440 880
s297 1520 880
s299 1600 880
s300 1680 880
s301 1760 880
s302 1840 880
s303 1920 880
s304 0 960
s305 80 960
s306 160 960
s307 240 960
s308 320 960
s309 400 960
s310 480 960
s311 560 960
s312 640 960
s313 720 960
s314 800 960
s315 880 960
s316 960 960
s317 1040 960
s318 1120 960
s319 1200 960
s320 1280 960
s321 1360 960
s322 1440 960
s323 1520 960
s324 1600 960
s325 1680 960
s326 1760 960
s327 1840 960
s328 1920 960
s329 0 1040
s330 80 1040
s331 160 1040
s332 240 1040
s333 320 1040
s334 400 1040
s335 480 1040
s336 560 1040
s337 640 1040
s338 720 1040
s339 800 1040
s340 880 1040
s341 960 1040
s342 1040 1040
s343 1120 1040
s344 1200 1040
s345 1280 1040
s346 1360 1040
s347 1440 1040
s348 1520 1040
s349 1600 1040
s350 1680 1040
s351 1760 1040
s352 1840 1040
s353 1920 1040
s354 0 1120
s355 80 1120
s356 160 1120
s357 240 1120
s358 320 1120
s359 400 1120
s360 480 1120
s361 560 1120
s362 640 1120
s363 720 1120
s364 800 1120
s365 880 1120
s366 960 1120
s367 1040 1120
s368 1120 1120
s369 1200 1120
s370 1280 1120
s371 1360 1120
s372 1440 1120
s373 1520 1120
s374 1600 1120
s375 1680 1120
s376 1760 1120
s377 1840 1120
s378 1920 1120
s379 0 1200
s380 80 1200
s381 160 1200
s382 240 1200
s383 320 1200
s384 400 1200
s385 480 1200
s386 560 1200
s387 640 1200
s388 720 1200
s389 800 1200
s390 880 1200
s391 960 1200
s392 1040 1200
s393 1120 1200
s394 1200 1200
s395 1280 1200
s396 1360 1200
s397 1440 1200
s398 1520 1200
s399 1600 1200
s400 1680 1200
s401 1760 1200
s402 1840 1200
s403 1920 1200
s404 0 1280
s405 80 1280
s406 160 1280
s407 240 1280
s408 320 1280
s409 400 1280
s410 480 1280
s411 560 1280
s412 640 1280
s413 720 1280
s414 800 1280
s415 880 1280
s416 960 1280
s417 1040 1280
s418 1120 1280
s419 1200 1280
s420 1280 1280
s421 1360 1280
s422 1440 1280
s423 1520 1280
s424 1600 1280
s425 1680 1280
s426 1760 1280
s427 1840 1280
s428 1920 1280
s429 0 1360
s430 80 1360
s431 160 1360
s432 240 1360
s433 320 1360
s434 400 1360
s435 480 1360
s436 560 1360
s437 640 1360
s438 720 1360
s439 800 1360
s440 880 1360
s441 960 1360
s442 1040 1360
s443 1120 1360
s444 1200 1360
s445 1280 1360
s446 1360 1360
s447 1440 1360
s448 1520 1360
s449 1600 1360
s450 1680 1360
s451 1760 1360
s452 1840 1360
s453 1920 1360
s454 0 1440
s455 80 1440
s456 160 1440
s457 240 1440
s458 320 1440
s459 400 1440
s460 480 1440
s461 560 1440
s462 640 1440
s463 720 1440
s464 800 1440
s465 880 1440
s466 960 1440
s467 1040 1440
s468 1120 1440
s469 1200 1440
s470 1280 1440
s471 1360 1440
s472 1440 1440
s473 1520 1440
s474 1600 1440
s475 1680 1440
s476 1760 1440
s477 1840 1440
s478 1920 1440
s479 0 1520
s480 80 1520
s481 160 1520
s482 240 1520
s483 320 1520
s484 400 1520
s485 480 1520
s486 560 1520
s487 640 1520
s488 720 1520
s489 800 1520
s490 880 1520
s491 960 1520
s492 1040 1520
s493 1120 1520
s494 1200 1520
s495 1280 1520
s496 1360 1520
s497 1440 1520
s498 1520 1520
s499 1600 1520
s500 1680 1520
s501 1760 1520
s502 1840 1520
s503 1920 1520
s504 0 1600
s505 80 1600
s506 160 1600
s507 240 1600
s508 320 1600
s509 400 1600
s510 480 1600
s511 560 1600
s512 640 1600
s513 720 1600
s514 800 1600
s515 880 1600
s516 960 1600
s517 1040 1600
s518 1120 1600
s519 1200 1600
s520 1280 1600
s521 1360 1600
s522 1440 1600
s523 1520 1600
s524 1600 1600
s525 1680 1600
s526 1760 1600
s527 1840 1600
s528 1920 1600
s529 0 1680
s530 80 1680
s531 160 1680
s532 240 1680
s533 320 1680
s534 400 1680
s535 480 1680
s536 560 1680
s537 640 1680
s538 720 1680
s539 800 1680
s540 880 1680
s541 960 1680
s542 1040 1680
s543 1120 1680
s544 1200 1680
s545 1280 1680
s546 1360 1680
s547 1440 1680
s548 1520 1680
s549 1600 1680
s550 1680 1680
s551 1760 1680
s552 1840 1680
s553 1920 1680
s554 0 1760
s555 80 1760
s556 160 1760
s557 240 1760
s558 320 1760
s559 400 1760
s560 480 1760
s561 560 1760
s562 640 1760
s563 720 1760
s564 800 1760
s565 880 1760
s566 960 1760
s567 1040 1760
s568 1120 1760
s569 1200 1760
s570 1280 1760
s571 1360 1760
s572 1440 1760
s573 1520 1760
s574 1600 1760
s575 1680 1760
s576 1760 1760
s577 1840 1760
s578 1920 1760
s579 0 1840
s580 80 1840
s581 160 1840
s582 240 1840
s583 320 1840
s584 400 1840
s585 480 1840
s586 560 1840
s587 640 1840
s588 720 1840
s589 800 1840
s590 880 1840
s591 960 1840
s592 1040 1840
s593 1120 1840
s594 1200 1840
s595 1280 1840
s596 1360 1840
s597 1440 1840
s598 1520 1840
s599 1600 1840
s600 1680 1840
s601 1760 1840
s602 1840 1840
s603 1920 1840
s604 0 1920
s605 80 1920
s606 160 1920
s607 240 1920
s608 320 1920
s609 400 1920
s610 480 1920
s611 560 1920
s612 640 1920
s613 720 1920
s614 800 1920
s615 880 1920
s616 960 1920
s617 1040 1920
s618 1120 1920
s619 1200 1920
s620 1280 1920
s621 1360 1920
s622 1440 1920
s623 1520 1920
s624 1600 1920
s625 1680 1920
s626 1760 1920
s627 1840 1920
s628 1920 1920
page 5 skins_p2.dds 2048 2048 80
s629 0 0
s630 80 0
s631 160 0
s632 240 0
s633 320 0
s634 400 0
s635 480 0
s636 560 0
s637 640 0
s638 720 0
s639 800 0
s640 880 0
s641 960 0
s642 1040 0
s643 1120 0
s644 1200 0
s645 1280 0
s646 1360 0
s647 1440 0
s648 1520 0
s649 1600 0
s650 1680 0
s651 1760 0
s652 1840 0
s653 1920 0
s654 0 80
s655 80 80
s656 160 80
s657 240 80
s658 320 80
s659 400 80
s660 480 80
s661 560 80
s662 640 80
s663 720 80
s664 800 80
s665 880 80
s666 960 80
s667 1040 80
s668 1120 80
s669 1200 80
s670 1280 80
s671 1360 80
s672 1440 80
s673 1520 80
s674 1600 80
s675 1680 80
s676 1760 80
s677 1840 80
s678 1920 80
s679 0 160
s680 80 160
s681 160 160
s682 240 160
s683 320 160
s684 400 160
s685 480 160
s686 560 160
s687 640 160
s688 720 160
s689 800 160
s690 880 160
s691 960 160
s692 1040 160
s693 1120 160
s694 1200 160
s695 1280 160
s696 1360 160
s699 1440 160
s700 1520 160
s701 1600 160
s702 1680 160
s703 1760 160
s704 1840 160
s705 1920 160
s706 0 240
s707 80 240
s708 160 240
s709 240 240
s710 320 240
s711 400 240
s712 480 240
s713 560 240
s714 640 240
s715 720 240
s716 800 240
s717 880 240
s718 960 240
s719 1040 240
s720 1120 240
s721 1200 240
s722 1280 240
s723 1360 240
s724 1440 240
s725 1520 240
s726 1600 240
s727 1680 240
s728 1760 240
s729 1840 240
s730 1920 240
s731 0 320
s732 80 320
s733 160 320
s734 240 320
s735 320 320
s736 400 320
s737 480 320
s738 560 320
s739 640 320
s740 720 320
s741 800 320
s743 880 320
s744 960 320
s746 1040 320
s747 1120 320
s748 1200 320
s749 1280 320
s750 1360 320
s751 1440 320
s752 1520 320
s753 1600 320
s754 1680 320
s755 1760 320
s756 1840 320
s757 1920 320
s758 0 400
s759 80 400
s760 160 400
s761 240 400
s762 320 400
s763 400 400
s764 480 400
s765 560 400
s766 640 400
s767 720 400
s768 800 400
s769 880 400
s770 960 400
s771 1040 400
s772 1120 400
s773 1200 400
s774 1280 400
s775 1360 400
s776 1440 400
s777 1520 400
s778 1600 400
s779 1680 400
s780 1760 400
s781 1840 400
s782 1920 400
s783 0 480
s784 80 480
s785 160 480
s786 240 480
s787 320 480
s788 400 480
s789 480 480
s790 560 480
s791 640 480
s792 720 480
s793 800 480
s794 880 480
s795 960 480
s796 1040 480
s797 1120 480
s798 1200 480
s799 1280 480
s800 1360 480
s801 1440 480
s802 1520 480
s803 1600 480
s804 1680 480
s805 1760 480
s806 1840 480
s807 1920 480
s808 0 560
s809 80 560
s810 160 560
s811 240 560
s812 320 560
s813 400 560
s814 480 560
s815 560 560
s816 640 560
s817 720 560
s818 800 560
s819 880 560
s820 960 560
s821 1040 560
s822 1120 560
s823 1200 560
s824 1280 560
s825 1360 560
s826 1440 560
s827 1520 560
s828 1600 560
s829 1680 560
s830 1760 560
s831 1840 560
s832 1920 560
s833 0 640
s834 80 640
s835 160 640
s836 240 640
s837 320 640
s838 400 640
s839 480 640
s840 560 640
s841 640 640
s842 720 640
s843 800 640
s844 880 640
s845 960 640
s846 1040 640
s847 1120 640
s848 1200 640
s849 1280 640
s850 1360 640
s851 1440 640
s852 1520 640
s853 1600 640
s854 1680 640
s855 1760 640
s856 1840 640
s857 1920 640
s858 0 720
s859 80 720
s860 160 720
s861 240 720
s862 320 720
s863 400 720
s864 480 720
s865 560 720
s867 640 720
s868 720 720
s869 800 720
s870 880 720
s871 960 720
s872 1040 720
s873 1120 720
s874 1200 720
s875 1280 720
s876 1360 720
s877 1440 720
s878 1520 720
s879 1600 720
s880 1680 720
s881 1760 720
s882 1840 720
s883 1920 720
s884 0 800
s885 80 800
s886 160 800
s887 240 800
s888 320 800
s889 400 800
s890 480 800
s891 560 800
s892 640 800
s893 720 800
s894 800 800
s895 880 800
s896 960 800
s897 1040 800
s898 1120 800
s899 1200 800
s900 1280 800
s901 1360 800
s902 1440 800
s903 1520 800
s904 1600 800
s905 1680 800
s906 1760 800
s907 1840 800
s908 1920 800
s909 0 880
s910 80 880
s911 160 880
s912 240 880
s913 320 880
s914 400 880
s917 480 880
s918 560 880
s919 640 880
s920 720 880
s921 800 880
s922 880 880
s923 960 880
s924 1040 880
s925 1120 880
s926 1200 880
s927 1280 880
s928 1360 880
s929 1440 880
s930 1520 880
s936 1600 880
s937 1680 880
s938 1760 880
s939 1840 880
s940 1920 880
s941 0 960
s942 80 960
s943 160 960
s944 240 960
s945 320 960
s946 400 960
s947 480 960
s948 560 960
s949 640 960
s950 720 960
s951 800 960
s952 880 960
s953 960 960
s954 1040 960
s955 1120 960
s956 1200 960
s957 1280 960
s958 1360 960
s959 1440 960
s960 1520 960
s961 1600 960
s962 1680 960
s963 1760 960
s964 1840 960
s965 1920 960
s966 0 1040
s967 80 1040
s968 160 1040
s969 240 1040
s970 320 1040
s971 400 1040
s972 480 1040
s973 560 1040
s974 640 1040
s975 720 1040
s976 800 1040
s977 880 1040
s978 960 1040
s979 1040 1040
s980 1120 1040
s981 1200 1040
s982 1280 1040
s983 1360 1040
s984 1440 1040
s985 1520 1040
s986 1600 1040
s987 1680 1040
s988 1760 1040
s989 1840 1040
s990 1920 1040
s991 0 1120
s992 80 1120
s993 160 1120
s994 240 1120
s995 320 1120
s996 400 1120
s997 480 1120
s998 560 1120
s999 640 1120
s1000 720 1120
s1001 800 1120
s1002 880 1120
s1003 960 1120
s1004 1040 1120
s1005 1120 1120
s1006 1200 1120
s1007 1280 1120
s1008 1360 1120
s1009 1440 1120
s1010 1520 1120
s1011 1600 1120
s1012 1680 1120
s1013 1760 1120
s1014 1840 1120
s1015 1920 1120
s1016 0 1200
s1017 80 1200
s1018 160 1200
s1019 240 1200
s1020 320 1200
s1021 400 1200
s1022 480 1200
s1023 560 1200
s1024 640 1200
s1025 720 1200
s1026 800 1200
s1027 880 1200
s1028 960 1200
s1029 1040 1200
s1030 1120 1200
s1031 1200 1200
s1032 1280 1200
s1033 1360 1200
s1034 1440 1200
s1035 1520 1200
s1036 1600 1200
s1037 1680 1200
s1038 1760 1200
s1039 1840 1200
s1040 1920 1200
s1041 0 1280
s1042 80 1280
s1043 160 1280
s1044 240 1280
s1045 320 1280
s1046 400 1280
s1047 480 1280
s1048 560 1280
s1049 640 1280
s1050 720 1280
s1051 800 1280
s1052 880 1280
s1053 960 1280
s1054 1040 1280
s1055 1120 1280
s1056 1200 1280
s1057 1280 1280
s1058 1360 1280
s1059 1440 1280
s1060 1520 1280
s1061 1600 1280
s1062 1680 1280
s1063 1760 1280
s1064 1840 1280
s1065 1920 1280
s1066 0 1360
s1070 80 1360
s1071 160 1360
s1072 240 1360
s1073 320 1360
s1074 400 1360
s1075 480 1360
s1076 560 1360
s1077 640 1360
s1078 720 1360
s1079 800 1360
s1080 880 1360
s1081 960 1360
s1082 1040 1360
s1083 1120 1360
s1084 1200 1360
s1085 1280 1360
s1086 1360 1360
s1087 1440 1360
s1088 1520 1360
s1089 1600 1360
s1090 1680 1360
s1091 1760 1360
s1092 1840 1360
s1094 1920 1360
s1095 0 1440
s1096 80 1440
s1097 160 1440
s1098 240 1440
s1099 320 1440
s1100 400 1440
s1101 480 1440
s1102 560 1440
s1103 640 1440
s1104 720 1440
s1105 800 1440
s1106 880 1440
s1107 960 1440
s1108 1040 1440
s1110 1120 1440
s1111 1200 1440
s1113 1280 1440
s1114 1360 1440
s1115 1440 1440
s1116 1520 1440
page 6 servers.dds 512 512 64
v1 0 0
v2 64 0
v3 128 0
v4 192 0
v5 256 0
v6 320 0
v7 384 0
v8 448 0
v9 0 64
v10 64 64
v11 128 64
v12 192 64
v13 256 64
v14 320 64
v15 384 64
v16 448 64
v17 0 128
v18 64 128
v19 128 128
v20 192 128
v21 256 128
v22 320 128
v23 384 128
v24 448 128
v25 0 192
v26 64 192
v27 128 192
v28 192 192
v29 256 192
v30 320 192
v31 384 192
v32 448 192
v33 0 256
v101 64 256
